state,iret,exit,solution
54721631111111,27792303,0,B2 R' B R' D' B R2 B R B D'
14325671111111,27320257,0,B2 R' B R D B2 D R' B' R D'
41752632313211,26655380,0,B2 R B' R D R2 B' R B D2 B'
21354672313211,26375395,0,B2 R B' D R D2 B' R D R2 D'
12745631111111,23529722,0,B R' B R B' D2 B' R' B' R D2
52341671111111,23366162,0,B R' B2 R' D' B' R D2 B R' D
25714632313211,23270582,0,B R2 B' D' B D2 R' B' D R' B2
45312672313211,22848944,0,B R2 B' R' D R2 B' D' B R' D2
41625372313211,22437123,0,R' D R' B D B2 R' D B D2 B'
47265312313211,22410713,0,R' D R' D B D2 R' D R B2 R'
75246311111111,17807236,0,R2 D R' D B D2 R' D R B2 R'
15642371111111,17733965,0,R2 D R' B D B2 R' D B D2 B'
45176233131113,17619638,0,R2 B D' R B' R B R2 D2 B2 R
25314673111313,17574666,0,R2 B D' B R' B R B2 D2 R2 B
56147231222132,17547465,0,R2 B D' B R2 B2 D' R D' R' D
25314673131311,17359643,0,R2 B R' D B' R D B2 R2 D2 B
53162743312223,17325291,0,R' B R' B D R2 B' D R B2 R'
54321673313321,17205100,0,R2 B R' D B2 D2 R' D B' R' B
45176231131313,17160592,0,R2 B R' B R' B D R2 B2 D2 R
54321673323311,17148791,0,R2 B D' R' D B' R2 D2 R D' B
45176231133113,17118133,0,R2 B D2 R2 B2 D R B' R B' R
51342763312223,17095666,0,R' B R' D R B2 D' R D R2 D'
25314673111331,16793377,0,R2 B R2 D2 B2 R B D' R D' B
76543211111111,16756063,0,R2 D' R B R B2 R D' B' R B'
54321673313312,16741595,0,R2 B R' B' D B' D2 R2 D R' B
26154372332213,16735528,0,R2 B' D2 B R' D R' B2 R' B R'
45176231331113,16623644,0,R2 B R2 D2 B2 R B R' B D' R
16345271111111,16536127,0,R2 D' R B' R' D R2 D B D B'
54217362233213,16287472,0,R2 B' R2 B R' D B' R2 B' R B'
24751362321113,16198199,0,R2 D B2 R2 D' R' D R' B R2 B
52763413222112,16000652,0,R2 B D' B' D B' R2 D2 R B' R
64157321133212,15996533,0,R2 D R2 B2 D' R' D B' R B2 R
52763413223312,15958087,0,R2 B D' R B2 R2 D' R D' B' R
74256313111232,15799031,0,R2 D R2 B2 D' B' D B' R D2 R
13754262123323,15768201,0,R2 B' D' R B' D R2 D R' D R2
32456711233133,15658688,0,R2 D B2 R2 D' B' R B' R B2 R
65732411333123,15632610,0,R2 B D2 R2 B2 D R D' B D' R
41765322313211,15562606,0,R2 D2 R B' R B R2 D' B D B2
52763413322312,15487947,0,R2 B R' B R2 B2 D' R B' D' R
52763411222312,15472551,0,R2 B R' D' R B' R2 D2 R D' R
23671452122333,15451428,0,R2 B' R' B R' D B2 D R' D B2
64325713121222,15253603,0,R2 B D' B R' D' R D2 R B R'
35721642221213,15014618,0,R2 B D' R B' D' R D2 R D R'
12345673132313,14990918,0,R B' D2 B' R' B D' R D' R2 D2
36725413131311,14872699,0,R B' D2 B' D' B D' B R' D2 R2
34162752132212,14844550,0,R2 B D R' B D' R D' R D2 B
46257313312211,14804936,0,R2 D R' D B R2 B R2 D2 B D
52314673311311,14692462,0,R2 D B' R' D' B D2 R' B D2 B'
24615372213311,14690623,0,R2 D R' B D R2 D B2 R2 D B
12345673231313,14567168,0,R B' R2 B' R' D B' R D' R2 D2
54217632132212,14564924,0,R2 B R' B R' D' B R2 B D R'
25731642232211,14564741,0,R2 B R' B D R' B2 R' D2 R D
45176321131133,14553185,0,R2 D R' D' B' D R2 B' R D2 R'
75243162211322,14508150,0,R2 B2 R B2 R2 B R2 D' R2 D2 B
72561433311233,14507892,0,R D2 R2 D R' D R' B R' D B2
25341673113311,14499392,0,R2 D R' B' D' B R2 D' B R2 B'
27546312231122,14482658,0,R2 B2 R D2 R2 D B2 R' D2 R2 B
25631741212121,14471576,0,R2 B R' D B' D' R B2 R B D'
57214632212213,14467879,0,R2 B R' D R B' R2 B' R2 B R
47165321322131,14455944,0,R2 B2 D2 B' R D' R2 B' R B' R2
74513263121222,14453621,0,R2 B R D' B D' B R' D R2 B
12367451312222,14449921,0,R D2 R2 D B' D R' D B' D R2
24615733113323,14365677,0,R2 B D2 R2 B2 R' D B' D B2 D'
34561272212213,14268676,0,R D B2 R2 D2 B R D' B R' D'
23165743331312,14234735,0,R2 B2 D2 B' R B' R2 D' B D' R2
32147652233213,14229718,0,R D B2 R2 D2 B R B' D R' D'
53672142221213,14206249,0,R2 B R B' D B' D R' D B2 R
76254133311323,14196421,0,R2 B D2 R2 B' R' D B' D R2 D
23165742131333,14195441,0,R2 B2 D2 B' D B' R2 D' R D' R2
41532672313211,14164870,0,R2 B' R D R' D2 R' D' B' D B2
36725413111313,14162739,0,R B' R2 B' D' B R' B R' D2 R2
63725143123313,14092635,0,R2 B2 D2 B' D R' D2 B' R D' B2
42351763231133,14076805,0,R2 B D2 R2 B' D' R B' D R2 D
71625433213133,14043336,0,R2 B D B' D B' R B' R B2 D
32145671111111,14028376,0,R2 B' R B' D' B D2 B D R D'
47352612313211,14001942,0,R2 B' R2 B' R' D' R D2 B D' B
24615731132333,13966504,0,R2 B R2 D2 B2 D' B R' D B2 D'
35267141321132,13956093,0,R' B D R' B2 R D' B R D2 B2
63172452313211,13932844,0,R2 B' R B R' D2 R' D' R' B D2
54367211213333,13904817,0,R D B2 D2 B D R2 D2 R' D2 B
45321673113311,13877980,0,R2 B' D R B2 R' B R2 D' B2 D
54367212211322,13814778,0,R D R2 D2 R B R2 B2 R' D2 B
54312673311311,13810890,0,R2 B' R D B2 D' R B2 D' R2 D
34561272232211,13792405,0,R D R2 B2 D2 R D R' D B' D'
52741632123323,13790477,0,R D R2 D2 R B D2 B2 D' B2 R
32147652332213,13769854,0,R D R2 B2 D2 R D B' D B' D'
16527431312222,13752912,0,R D R' B' D R D2 R2 B2 R B'
12347651111111,13720020,0,R2 B' R B D B2 D B' D' R D'
42615371313332,13702755,0,R2 B D2 R2 B2 R' B D' B D2 B'
62135743312223,13702220,0,R2 B R2 B2 D2 R' B' D R' B R2
61352472313211,13694080,0,R2 B' R2 B' D' B' D R2 B R' D
63125741112323,13685818,0,R2 B R' B D R2 B2 D' R2 D B
76321453311233,13648035,0,R D R' B R' B R2 D2 B2 R B'
75314621313212,13603574,0,R' B D B' D2 B R' B R B2 D2
74256311321222,13588353,0,R2 B R2 D2 B' D' R D' R D2 R
74123653132232,13584600,0,R D2 R2 D B' R B' R B' R B2
16543271221223,13527648,0,R D2 R2 D R' B R' B R' B R2
41635721212121,13477788,0,R D2 R' D' R D' B R2 B D' B
25413672323111,13473489,0,R' B R D' B2 D B' D R B2 D2
24751362221231,13444412,0,R2 B R2 D2 B' R' B D' B R2 B
45376121131133,13434631,0,R2 B' R B D2 B' R B2 D' B2 D
74165233111313,13430718,0,R B2 R2 B' R D' R D' R' D2 R'
24563713121222,13418973,0,R D2 R' B' R D' B D2 B D' R
26317451212211,13393879,0,R2 B2 R' D' R' D B2 D B2 D' R2
25364172311231,13380892,0,R' B R B' D2 B D' B R B2 D2
16254733312223,13368770,0,R D R2 B' D' R2 D' B R B2 R
74165233231313,13343389,0,R B2 R2 B' R' B2 R' B' D B' R
35624712321212,13341938,0,R B' D R2 D2 B' D B' R' D B
74165233132313,13331515,0,R B2 R2 B' R' D2 R' D' R D' R
46215372313211,13314324,0,R2 B2 R B' D R D2 B' R D R2
36725412111212,13287135,0,R B2 R D R' B R' B R2 B2 R'
17326452212111,13229176,0,R2 B2 R' B' R' D R2 D R2 D' R2
36754123232222,13227452,0,R B' D B2 D' B R' B D R' B2
26435712222122,13226060,0,R2 B R2 D2 B2 D' R D' R B2 R'
14367523311113,13214765,0,R D' R' B' R B' R' D2 R' D' B
12374562111212,13209460,0,R B' D B2 D2 R' D R' B' R B
34561273313321,13198462,0,R B' R' D2 B' R D' B2 R2 B' R
56123471331332,13178620,0,R D B2 D2 B D B2 D2 B' R2 D
63725141112323,13155570,0,R D R2 B' R B R2 D2 B R' D'
76312452212111,13121702,0,R2 B D' B' D R B' D R2 D' R
54367213112222,13117689,0,R B' D R' D2 R B2 R' D2 R D'
12345672321212,13116473,0,R B D' R2 B' R B2 R B' R' D2
52741633321223,13109512,0,R B' D B' R2 B R2 B' D2 B D'
76321453323311,13079273,0,R B' D' R2 D B2 D' B D2 B R'
71264533231223,13076055,0,R B' D R2 D' R D' R D R' B2
74165233131311,13074282,0,R B2 R2 B' R B' R D' R' B2 R'
36725412123212,13074216,0,R B2 R D B' R B' R B2 R2 B'
12367452113333,13066329,0,R B' D B2 D2 R' D R' B' R B2
32156741112323,13047072,0,R2 B R' B D R2 B' D R B2 R'
76321452123323,13033135,0,R B' D R B2 R B' D2 R2 B R'
12345672121232,13031350,0,R B D2 B R D' B D' B' R2 B2
61235741313131,13021831,0,R B' D' B D R D2 R2 B' R B
74165231121212,12989809,0,R B D2 B D B' D B' R' B2 R2
72543613132232,12982713,0,R D R' D R' B R2 D2 B2 R B'
34527612231332,12972349,0,R B' D R2 D2 B' D B' R' D B2
24731561111111,12972182,0,R2 B R' B R2 D R' D' B' D2 B'
21347562312323,12940413,0,R2 D2 R B' D B R2 D' R B R2
32647512333233,12921892,0,R2 B2 R' D' B' R D2 R B2 R' B2
24315673311311,12908561,0,R2 B D' B' D' R D2 B' D R2 D'
36125743222331,12906952,0,R2 D B' D' B' R D2 B' R B2 R'
74165232111212,12904670,0,R B D' B2 R' B R2 B R' B' D2
14763251221223,12886650,0,R D R' D' B R D2 R2 B2 R D'
75462132123212,12881837,0,R B' R D2 R2 B' D B' D' B R
14632571111111,12861950,0,R2 B R' B2 R' D' B' R D2 B R'
36725412321212,12858351,0,R B2 R B R' B R' D B2 D2 B'
54367213312133,12844671,0,R B' R B' R2 B R2 B' R2 B R'
63541271212211,12842744,0,R2 B D B' R B R2 B2 D' B' R
76321453313312,12826879,0,R B' R' D2 R B2 R' D R2 D R'
12354761112323,12811936,0,R2 B R' D R B2 D' R D R2 D'
76541232131213,12787475,0,R D' B2 D' R B D R2 D2 R B
31564272212111,12778301,0,R2 B D2 B2 R D' B' D B2 R B
67321451212211,12764350,0,R2 B R' D' R D R' B R2 B' R
74165231313131,12758573,0,R B D2 R B' R2 B' D R' B R2
67132541133311,12756907,0,R D' R2 B2 R' B2 D B2 D2 B D'
72361542333233,12756085,0,R2 B D R' D R B2 R2 D' R' B
16527432211322,12751281,0,R B' R B R' B D2 R2 B' D R2
36712542121211,12731096,0,R B' R B2 R2 D' R B' R' D R
36725413131113,12728219,0,R B D2 R B' D2 B' D R' D R2
72561432213122,12716226,0,R B' R D2 R2 B' D B' D' B R2
12765432222212,12712243,0,R D' B2 D' B D R D2 R2 D R
45276131131133,12707624,0,R2 B D' R' D' R D2 B' D B2 D'
56274312313211,12704782,0,R D R' D B D2 R' D R B2 R'
73624513121132,12698806,0,R D2 B' D2 R D' B R' B R' D
15324673113311,12684720,0,R2 B R' D' R' D R2 B' D B2 D'
16527431222132,12677814,0,R B' R D' R B' R D2 R2 D' B2
12345673131323,12666114,0,R B R2 D B' D2 B' R B' R D2
73615241112323,12664409,0,R B' R B2 D2 R2 B R' B R' D
52614372313211,12653453,0,R D R' B D B2 R' D B D2 B'
36725412121211,12645042,0,R B2 R B D' R B' D R2 D2 R'
16427532333233,12638379,0,R2 B D2 B2 R B' R' B D2 R D
76254313211111,12630187,0,R2 B D2 B2 R2 D' B' R B' R D2
45376213131323,12620465,0,R2 B2 R D B2 D' R2 D B' R' D2
46127353131323,12609891,0,R B' R' D R D B2 D2 R' B R
72543613322312,12507272,0,R B' D' B2 D B2 D' R D2 R D'
12345672123212,12494662,0,R B R' B2 D' R B2 R D' R' D2
45312673132313,12489658,0,R2 B2 R D R2 D' R2 D R' B' D2
76512343213313,12480330,0,R D2 B' R2 D R' B R' B D' B
17265433111313,12457586,0,R D2 R B R' D R' B2 R' B R'
76512343332311,12449440,0,R D2 B' R2 D R' D R' B D' R
36741252122123,12437332,0,R B' R B2 R2 D' R B' R' D R2
74165232121211,12430239,0,R B R' D2 B' R D2 R D' B' D2
32147651213333,12427127,0,R B' R D R' B D2 R2 B' R D2
64531271212211,12420295,0,R2 B R2 B2 D R' D' B D2 R B
24351761111123,12409220,0,R2 B D2 B2 R2 D' R' B R' B D2
43675122222122,12396419,0,R B' D' R D R B2 R2 D' B D
36725411313131,12392737,0,R B R2 B2 R' D' R2 D' B' R B'
74165233131323,12385152,0,R B R' B D' R' B2 R' D' B2 D2
12456731132321,12370028,0,R2 D R' B2 R' B' R' D R2 B D'
74165231212121,12369323,0,R B R2 B D R' D B' R' B2 R2
32517463131311,12348416,0,R D2 R D R' D B' D2 B' D R'
32147562333233,12345710,0,R2 B R' B' D R D' R D2 R' B
36725412121232,12341526,0,R B R2 B R B2 R2 B' D' R B'
36725411212121,12340590,0,R B R2 B D R' D B' R' D2 R2
32416753121222,12337555,0,R D R2 B' D' B2 D' B D R2 D
24615732111323,12329894,0,R D2 B' D2 B D2 R' B D2 B2 D'
45312673231313,12326462,0,R2 B2 R B D2 B' R2 B R' B' D2
74165233131113,12321555,0,R B R2 B2 R' D' B2 D' R' B D'
26435712322322,12308155,0,R D2 B' D2 B R2 D' B R2 B2 R'
36725411131313,12304703,0,R B R2 D B' R2 B' D B' D R2
36145272131213,12290194,0,R D' R2 D' B R B R2 B2 R B
36725412121112,12278331,0,R B R2 B R D' R B' R' D2 R2
74165232121112,12276008,0,R B R2 B R D' R B' R' B2 R2
36725411121212,12267032,0,R B R2 B D B2 D2 B' R' D R'
25341762313223,12266985,0,R2 B R' D R B2 D2 R' D2 R D
32567412222212,12258938,0,R D' R2 D' R B R B2 R2 B R
67254311131133,12258739,0,R2 B D2 B' D2 R D' R2 D B D'
36514272212111,12243054,0,R2 B R D' R D B2 D2 R' D' R
54612371112311,12235360,0,R2 B R2 B2 D2 R' D' R D' B D2
74165231131313,12217450,0,R B R' D R' B' R2 B' R' B2 R2
56347212111221,12199395,0,R2 B2 R' B R2 D' B' R' D2 B D
16527431123333,12195502,0,R B2 R2 B' D' R B' D R' D B2
54367212333113,12192666,0,R B2 R' B D' R' B R D' B R'
12367451123333,12182658,0,R B2 R2 B R D' R D' R D' R2
21345762223322,12167947,0,R D2 B' R2 B R2 D' R D2 R2 D'
76145231122112,12161614,0,R2 B2 R' B D2 R' B' D' B2 R D
52741632212231,12150271,0,R B2 R' B R' B' R D R' D B'
34527612211322,12148288,0,R B2 R2 B' D R' B R' D B R2
76145231221112,12139620,0,R2 B2 R' D B2 R' B' D' R2 B D
62351743112123,12139362,0,R2 D R' B R2 D R' B' D' B2 D'
23165742131321,12138178,0,R D2 B' R2 B D2 R' D R2 D2 R'
67354211313113,12131962,0,R2 B2 R' D B D' R2 B2 R B2 R
24351673311311,12116670,0,R2 B D2 B' R2 D R' D2 R B D'
43765212222122,12114213,0,R D B2 D2 B' R D2 B' D2 B R
72543613223312,12096534,0,R B' R' B2 R D2 R' B D2 B D'
72561433321133,12095188,0,R B2 R2 B D' R B' D R' D B2
54367211333213,12090023,0,R B2 R' D B' R' B R B' D R'
67354211333111,12084133,0,R2 B2 R' B D B' R2 D2 R D2 R
64125371131313,12057172,0,R B' D2 B R' D R' B2 R' B R'
63725142123131,12053097,0,R D B D2 B2 D B R D' R2 D'
32147651123333,12050791,0,R B2 R D R D2 B D' R2 D' R
34561273321133,12038290,0,R B2 R2 B D2 R' B R2 B2 R' B'
34527613312133,12038190,0,R B2 R2 B' D2 R' D B2 D2 B' R'
75231463211123,12032070,0,R D B2 D' R B' D B2 D' R2 D
56123473133132,12025565,0,R B' R D' R2 D B2 D' B2 D R'
51267342312233,12007005,0,R B' D B2 D B' R D' R' B2 D2
36741252123323,12003712,0,R B2 R2 B' R D' B R' D R B2
27643513311233,11994199,0,R D2 R2 D R2 D2 B2 D B2 D2 R'
72543611331332,11987033,0,R B' D B R' B R2 D2 B' R B2
41263751312222,11985258,0,R D2 R2 D B2 D2 R2 D R2 D2 B'
14763251222312,11971127,0,R B' R' B2 D' R B' R2 D2 R' D
13275641112323,11964889,0,R B2 R' B R' B R' B D' R2 D2
13265741112323,11953018,0,R D R2 D' B2 R2 D R B' D B2
76321453233131,11948628,0,R B2 R2 B R2 D' B R2 B2 R' D'
47216352131333,11948465,0,R D B2 D2 B' R B2 D' B2 D R
63542713121333,11947541,0,R B' R B2 R D' R B' R' D2 B2
72561433321223,11936737,0,R B2 R2 B' D2 R' D R2 D2 R' D'
71264533231313,11920096,0,R B D2 B' D2 B D' R2 D' R D2
46153273131131,11913989,0,R D' R2 B2 R' D2 B D2 B2 D B'
51324673113311,11912997,0,R2 B R2 B' D2 R B' D2 B R D'
52163473323332,11910571,0,R2 B2 R' D R2 B' R' D' R2 B R
63574212313211,11882251,0,R D' R B R B2 R D' B' R B'
62435172311132,11859942,0,R D B R2 B2 R D R D' B2 D'
67154233323332,11859806,0,R B D' B R2 B2 D' R D' R' D
52741633313321,11847034,0,R B D' R D' R' B R B' R B2
36741253233131,11838453,0,R B2 R2 B R' D B' D R' B D2
34527612231122,11826956,0,R B D2 B2 D' R B2 D R2 D2 R'
34527612331322,11824294,0,R B2 R2 B D R' D R' D R' D2
12367451213333,11818611,0,R B2 R2 B' R B' D R' D B D2
54321672212213,11807869,0,R B D' B R' B R B2 D2 R2 B
32417562113321,11805221,0,R B' R D' B' D B2 D R D' B
63752411333213,11804253,0,R2 B2 R' B R D' R2 B2 R B2 R
25471631312213,11803412,0,R B' D R2 D R' D R' B' R2 D2
12367453112222,11780838,0,R B2 R2 B' R2 D' R B2 R2 B' D'
63752412333113,11775652,0,R2 B2 R' D R D' R2 B2 R D2 R
54367212231122,11767491,0,R B D2 B2 D B D2 B2 D' R2 B
14763253222112,11754044,0,R B' R B' R B' D B2 D2 B' D2
34561272122321,11751168,0,R B2 R2 B' D' B R' D R' B R2
32165741111111,11744786,0,R D B' D B' D B2 D2 B R' B'
56147232332213,11738450,0,R B D' R B' R B R2 D2 B2 R
46127352131333,11738111,0,R B' R' B D B D2 B2 R' B D
65314272313211,11731678,0,R D' R B' R' D R2 D B D B'
72435163333313,11721686,0,R D' B D' R2 D' B' D' B R2 D
32147652331322,11714162,0,R B2 R2 B' R' B R' D B' R B2
63142571132321,11702129,0,R2 B' D2 R B D2 B R2 B D' B2
12367541113331,11700559,0,R D2 B D2 B' D R' D R' B' R
16527432331322,11690377,0,R B2 R B R D2 B R' D2 R' D
53714622233111,11683239,0,R B' R D2 R D' R D' B' R2 D2
52741632212213,11682320,0,R B D2 R D' R' D2 R' D2 B D'
34561272213122,11675742,0,R B D B' D2 R2 D R B R' D2
52763143222331,11658646,0,R2 B' D B D2 B' R D2 B' D2 B
31654272313322,11655874,0,R B' R B2 R D' R B' D2 B R2
41725361321213,11654154,0,R D B2 R2 D' R' D R' B R2 B
54367212332213,11625203,0,R B D2 R D' B' R2 B' D2 R D'
36741252122321,11615339,0,R B2 R2 B R B' R D' R B' D2
47251363131113,11590299,0,R B' R2 B R' D B' R2 B' R B'
34216572213122,11585275,0,R D2 R2 D R2 D2 B2 D' R2 D2 B
41352671222111,11579947,0,R B D' R' D B' R2 D2 R D' B
34561273311233,11576272,0,R B D B' R2 D2 R' D' R B2 D'
32674152113333,11570979,0,R D2 R2 D B2 D2 R2 D' B2 D2 R
54321672232211,11552811,0,R B R' D B' R D B2 R2 D2 B
36712542121112,11548111,0,R B R' D2 B2 D B R D' R' B
72145633312223,11527976,0,R D2 B R' D B R2 D' R D B2
65132472212231,11520094,0,R2 B2 R B R2 B' D2 B D' B' R2
41352671212121,11512029,0,R B R' D B2 D2 R' D B' R' B
52341672323312,11480034,0,R2 B R2 D B2 D R' B D2 B D
52714361232113,11478712,0,R D B2 D2 R' B R' B' R D2 B'
16527432231122,11464751,0,R B R' D' B D2 R' B R' D' B
76321452122321,11464399,0,R B2 R B D B2 R B' R2 B' D
35624712121232,11460748,0,R B R2 B D2 R' D B D2 B R2
52741633323311,11457688,0,R B D' R D R2 D B' R2 D2 B
32147651312222,11441832,0,R B D R' D2 B2 D' R' B R2 D'
76321452213122,11429714,0,R B D B' D2 R2 D R B R' B2
36712542122111,11408184,0,R B D' R B' R2 D R' D R D2
73624513332131,11399552,0,R D2 B' D2 R D' R D' B D' B
76321453321133,11389670,0,R B R' D' R B D2 B2 R2 B R'
42163751121212,11385997,0,R B' R2 D' R' B R D' B2 D R
16527432333113,11381548,0,R B D2 R2 B2 D R B' R B' R'
56147232333113,11374909,0,R B D2 R2 B2 D R B' R B' R
16745233333313,11372535,0,R D' B2 R B R2 B' D' B2 D' B'
63142573112123,11371969,0,R2 B' R2 D B R2 B R2 B D' R2
15762342122213,11365467,0,R B D' R B' D R2 D R' D R'
65243712121322,11363843,0,R B2 R D2 R2 D B2 R D2 R2 B2
47165322133112,11361420,0,R D R2 B2 D' R' D B' R B2 R
56147232233213,11356852,0,R B R' B R' B D R2 B2 D2 R
54367211222132,11350212,0,R B R' B D' B' D B R' B D2
32761453121312,11343674,0,R D' B2 R B D2 B' R' B2 R' B'
12356743113131,11343034,0,R B D2 B' R2 B D' B2 D' B R2
54367121113331,11337919,0,R D2 B D2 B' D R' D R' B' R'
26534713333313,11335181,0,R D' R B' R B2 D R' B' R' B2
37426513132313,11330559,0,R B R2 B' R2 B D' R2 D' B D2
67345122223133,11322136,0,R D B' R2 D2 R D B R' B2 D
71264533131323,11320316,0,R B R2 B R2 B' R D2 B' D2 B
56123471333123,11320002,0,R B2 R' D R' B' R B R' D R'
52741632232211,11318429,0,R B R2 D R' B' R2 B' D2 R D'
34561273321223,11316147,0,R B D R2 D2 B' R B' R D R2
26547313131323,11315486,0,R B2 D2 B' D R' D R2 D' R2 D
31524673332122,11315332,0,R D' R' D' R B' D' B2 D' R' B
54367212233213,11314392,0,R B R2 D R' D' R2 D' R2 B D'
35624712331232,11308837,0,R B R' D B' R2 D B' R B D2
16273541122133,11305325,0,R B' R2 D2 R D R2 D R B' R
26743512121232,11303868,0,R B' R2 D' R' D R D' B2 D B
67245311112311,11302683,0,R D R' D B R2 B R2 D2 B D
14763251332331,11300655,0,R B2 R2 B' R' D B' D R' B D2
12374561121212,11299893,0,R B R2 B R2 D' R B D2 B R2
46275312112232,11299599,0,R D R2 B2 D' B' D B' R D2 R
16534723211123,11298087,0,R D2 R B D2 B' D' B2 R B D
71523463231313,11293889,0,R B2 R2 D' B D' B' D R B' D
45736121122211,11280194,0,R D B D2 B' D R2 B' D2 B R'
52341673323212,11276853,0,R2 B R D2 R B' R D2 R B2 D
12356741313131,11275748,0,R B R2 D B' D2 R2 D R' B' R2
72561433221233,11273203,0,R B D R2 B2 R' D B' D' R2 B
71263542323123,11265048,0,R2 B' D2 R B R2 B D2 B R' D2
34561272122123,11253764,0,R B D R' B2 D2 B D B R' D2
76321452122123,11238520,0,R B D R' B2 D2 B D B R' B2
24376512222122,11237756,0,R B' R D2 R D' R D' R2 D B2
76321452122333,11235044,0,R B R2 B2 R' B D2 R D2 R2 D
45621373211111,11228800,0,R D R' B D R2 D B2 R2 D B
23657142121112,11221334,0,R B' R D R2 B2 D R' D2 R D2
35624712321332,11218163,0,R B R' B R2 D R' B2 R' B R'
32147653112222,11215902,0,R B D B2 D2 R' B D' R D B2
36741252122333,11214056,0,R B R2 B2 R' B R2 D B2 D2 B'
26435713333133,11203963,0,R D B2 R2 D' B' R B' R B2 R
56271433132313,11201096,0,R B2 R2 D' R D' B' R D B' D
64275132211133,11197123,0,R D B' D2 R2 D B R B' R2 D
25734613113323,11190753,0,R D2 R B D2 B D' B' D2 R2 B'
47165322313211,11177175,0,R B D2 B R2 B2 D2 B R2 B' D'
34675212222122,11174213,0,R B' D R' B2 D B' D B D2 B
71264533221323,11170797,0,R B R2 D B' R2 D2 R B' R' D2
16527433312133,11167048,0,R B R B2 R2 D' B R' B R B2
36125471222111,11166067,0,R2 B R2 D B2 D B' R D2 R B
52741632122333,11165940,0,R B R2 B2 R D B2 D2 B' D2 R
41352671212112,11164375,0,R B R' B' D B' D2 R2 D R' B
41756231321213,11161613,0,R D2 R D R2 D B' D' R2 B2 D'
24617532233321,11158511,0,R2 B2 R B' R D R2 B' R B D2
71263541333222,11155221,0,R2 B' R2 D B D2 B R2 B R' B2
34561273221233,11153745,0,R B R' D R' D2 B2 D R D R2
27415633321322,11152227,0,R D R' D R D' B2 R D' R B'
52741633221233,11148791,0,R B D R2 B2 R' B' R2 D' R' D
23517462131333,11147260,0,R B' R B' D' B D2 B R D' B
32147652113333,11138007,0,R B R B' D2 R2 D B D B' D2
54367211132222,11134682,0,R B D B2 R2 B' R B' D' B2 R'
42615372313211,11128695,0,R B D2 B D2 B2 R2 B D2 B' D'
12374561211212,11127643,0,R B R' B R' B2 D R' D B D2
17435623211123,11115323,0,R B2 D' R B D R2 D2 B' D B
13246571113232,11105218,0,R D' B' D2 R D R2 D' B' R2 B'
74152363133222,11104785,0,R B' R B2 R' D B' R B D' B2
12367451132222,11104496,0,R B D B2 R2 B' R B' D' B2 R
13642573221221,11103844,0,R B' R D2 R' D R' D R D' B2
72365413121312,11103662,0,R D' R2 B R B2 R' D' B2 D' B'
36542712121322,11092193,0,R B2 R D2 R2 D' B2 R B2 R2 D'
41237561313131,11088049,0,R B2 D2 B' D B' R B2 R' D2 R
76143253333313,11081082,0,R D' R2 B R D2 R' D' R2 D' B'
54321672212231,11060711,0,R B R2 D2 B2 R B D' R D' B
56743213121213,11060601,0,R D B2 R' D R D B2 D2 R' B
23416752121211,11054927,0,R B' R B' D' B D2 B R D' B2
62435172211133,11051208,0,R D R' D2 B2 D R B D' R2 B
74123653133132,11051138,0,R B2 R2 B' R2 D' R D2 R2 D' R'
34561273233131,11049659,0,R B R' B' D B R2 B2 D2 B R'
16527432113333,11048567,0,R B R B' D2 R2 D B D B' R2
32716452123212,11036759,0,R B' R D' B' D B2 D R D' B2
16543271332331,11029006,0,R B2 R2 B D B' R B' D B' R2
14763253133222,11014181,0,R B2 R2 B R2 D' B D2 B2 D' B'
47132563222331,11007124,0,R2 B D' R' D R D' B R2 B' D
56174321232113,10997232,0,R D R2 D2 B' D R' D' B D2 R'
52741633313312,10994576,0,R B R' B D B2 D B' D2 R2 B
32147651132222,10993115,0,R B R' B D' B2 R2 B R D B2
47632513212332,10992853,0,R2 B2 R' B' D' R D2 R D2 R' D2
71453623311122,10991120,0,R D B2 D' B D' R B2 R' D2 R
43576212112232,10985256,0,R D2 R D B2 D B' D' B2 R2 D'
34715262221123,10982608,0,R B' D' R B' D R2 D R' D R2
71643523331213,10977564,0,R B D2 B' D2 B' R D R' B D2
41673252212222,10976959,0,R B D2 B' R2 B' R B D' R D2
36125471212112,10971175,0,R2 B R B2 R B' D B2 D R2 B
12376541232233,10970733,0,R D' B' R2 B' D' R2 D B R2 D'
35174262213131,10962041,0,R B' D B2 D' R D2 B' R2 B R2
72543613221221,10959755,0,R B2 R2 B D2 R' B D2 B2 D' R'
74123653133222,10944458,0,R B2 R2 B R' B R' D B' R B2
16527432231332,10941249,0,R B R D' B2 R2 B R D B' R2
63752141111111,10938544,0,R D R' D B' D R2 D2 R D' R'
34625172111212,10933478,0,R B' R B2 R D' R B' D2 B R'
56271433111313,10926691,0,R B2 R B2 R2 B' R2 D' R2 D2 B
42615372213311,10925777,0,R D B2 R' B D R2 B2 D B' R'
67345122232133,10924445,0,R D R D2 R2 D R D B' R2 B'
16543271331332,10923913,0,R B2 R2 B' D B' D R' B D B2
36172452133133,10921877,0,R D R2 D2 R' D B2 R' B2 R B
27365412321212,10917899,0,R B' R D2 R D' R D' R2 D B'
71523463131311,10912957,0,R B2 R B' R2 B' D B2 R B' R2
63725142223133,10909089,0,R D R' B2 D2 B R B R' D2 B
15746321111111,10908936,0,R D2 R B' R B R2 D' B D B2
27534161111123,10907395,0,R D' R2 D' R B2 R D2 B D R2
56147231333213,10904780,0,R B R2 D2 B2 R B R' B D' R
23165741112323,10902742,0,R B R2 D' B D R2 B2 D R' D'
14736521321231,10899269,0,R D' R' D2 R' D' B2 D R D2 B'
54723612131312,10892610,0,R D2 R' D2 B R D2 R2 D' R' D2
16527431333213,10891595,0,R B R2 D2 B2 R B R' B D' R'
63512743313333,10891311,0,R B D' B R B2 D2 R' D2 R2 B'
16543273221221,10890816,0,R B2 R2 B D' B R' D R' B R2
56123472322121,10884421,0,R B D2 B2 D B R2 B2 R' B2 D
43621752213323,10883081,0,R B2 R B2 R2 B R2 D R2 D2 B2
76321452212231,10881161,0,R B R2 D2 B2 R B D' R D' B'
76321542211112,10877098,0,R D B D' R B' D B2 D' B2 R'
31275461322233,10876229,0,R B' D B2 R2 D2 B D' B D' R
74521633133333,10870992,0,R D2 R' D2 B R B2 R2 B' D' R2
47136252133112,10869653,0,R D2 R B R2 B R' D' B2 R2 D'
34265712212132,10866384,0,R D R2 D2 R' D R2 B' R2 B R
24736512222332,10861901,0,R D B' D R' B R' B2 R D2 B'
53761242221213,10859530,0,R B2 R' D' R B' R D2 R D' R
71546322231212,10852182,0,R B R' B R' D B2 D R' D B'
43617521223221,10850756,0,R D B' D2 R D' R B D' R2 D'
56123471222312,10846114,0,R B D' B D' R' B D R' D B2
64275132232133,10838658,0,R D R B2 R2 B D R B' D2 B'
41725362313223,10835987,0,R D B2 R' B R B2 D2 R D' R'
24537613231322,10833092,0,R D2 B R2 B' R B' D R' B' D
12356741133131,10831383,0,R B R2 B D2 B' R B2 D' B2 D
17362452213311,10825228,0,R D' B2 D' R B2 R B2 D B D2
56123473322312,10822840,0,R B D' B D R2 D B' D2 R2 B
36712542121121,10821511,0,R B R2 B R B2 D B2 D2 B' D'
24167353132232,10818625,0,R D B' R2 D R' B D B' D2 B'
56321742211112,10813198,0,R D R D2 R' B R2 D' B2 D B'
34617252132212,10811214,0,R B2 R' B' R B' D B2 D B' R
17543261111111,10800293,0,R D B' R2 B R' B D R2 B2 D2
32147652231332,10797814,0,R B R D' B2 R2 B R D B' D2
41725362313211,10787073,0,R B R2 B D2 B2 R2 B R2 B' D'
52167432122222,10777322,0,R D2 R' B2 D R D2 R2 D' B' D2
31275461112233,10771446,0,R B' D R2 B2 D2 R B' D R' B
72543611332331,10764540,0,R B2 R D B D2 R B' D2 B' R
71523463331312,10763318,0,R B2 R2 D' R B' R' D R B' R
23157462131123,10758340,0,R D B' R B' D R' B2 R D2 B'
45273162222122,10745417,0,R B2 D2 B' R B' R D2 R' B2 R
14735621223332,10743865,0,R2 B D' B2 R' D R D' B R2 D2
17426531232233,10742357,0,R D' R' B2 R' D' R2 D R B2 D'
72561342313223,10736237,0,R D' B2 D' B D2 B R2 D R D2
73642511111111,10731050,0,R B2 R' D' R D2 B' D' R D' R2
46275312313211,10713963,0,R B R2 B R2 B2 D2 B D2 B' D'
52361472121313,10692896,0,R D B2 D2 B' D' B2 R B2 R' D2
74521633121213,10692498,0,R D2 R' B2 D R B2 R2 B' R' D2
21457631321123,10690707,0,R2 B D2 R' D R' D B D2 R D'
46275313312211,10680644,0,R D R2 B' R D R2 B2 D R' B'
71643252231212,10678260,0,R B D2 B2 R' B R' D' B R B'
14763251333123,10677172,0,R B D2 R2 B2 D R D' B D' R'
41725631111111,10665521,0,R B' D' R' D R2 B' D2 B D' B
56213743313333,10664458,0,R B R2 B' D2 R2 B R B' R B'
63724153121213,10662702,0,R D B R2 D2 B D' R D' R D'
14763253133231,10658081,0,R B D' R D' R2 B2 R B R D2
56271433123313,10656999,0,R B2 R2 D' B R' B' D R D' R
15634722123332,10652465,0,R D' R2 B R2 B' D' B2 R2 D R'
47653213211231,10644342,0,R2 B D2 R' D R D2 B R B' D'
31627452221333,10638703,0,R B' R' B R' D B2 D R' D B2
53146272123233,10635887,0,R D R B2 R' D R2 B' R2 B R'
13246571111111,10633995,0,R B2 R' B' R D2 B' R' B D' B2
64357213231322,10633972,0,R D2 B R2 B' R B' D R' B' D'
42167532131333,10632825,0,R B2 D2 B' R D' R D2 R' D2 R
45362712122222,10618631,0,R B D' B R' D' R D2 R B R'
72543611223221,10616267,0,R B D' B D' R2 B2 R D B D2
74123652322121,10614706,0,R B D2 B2 D' R D2 B R2 B2 R'
73654122111122,10612811,0,R D' R2 B R2 B' R' D2 B2 R B'
56743212221222,10609791,0,R D B2 D2 B' D' R2 B R2 B' D2
34721652221222,10606265,0,R D B2 D2 B' D' R2 B R2 B' R2
31265472233321,10600323,0,R2 B R' D2 B' D R D' R D2 B2
72163453331333,10597008,0,R D R2 D2 R' B' R2 D R2 D' R2
17526432123233,10595047,0,R D B R' D B' D B2 D' R2 B'
36217452131333,10594295,0,R B' R B' D2 R D' B R D2 R
31267542313133,10593706,0,R B' R D2 R' B D2 R' B2 R B2
27613543333133,10592922,0,R B' R B R2 D2 B R' B2 R B2
71326543333313,10590410,0,R B2 R2 B R2 B2 D2 B R2 B2 D'
35417622223133,10587737,0,R D R2 D' R B' R B2 R' B2 R
27615432113321,10586605,0,R D R2 B2 D R2 D R B' R B2
72163452122222,10578501,0,R D R2 B' D B D R2 D2 B' R
62317453312211,10572399,0,R D' R2 D' B R2 B D2 R B D2
27415363131113,10570000,0,R B R' B D' R' B R B D2 B2
13572641122133,10569224,0,R D R2 D' R2 B2 D R D' B D2
26517343333313,10563831,0,R B2 R2 B D2 B2 R2 B' R2 B2 D
16347252131312,10561240,0,R D R2 B' D R B D2 B2 R' B
31265471111111,10560309,0,R B' D B2 D' B R' D R2 B2 D2
54127633133333,10560214,0,R D B2 R' D B D B2 D2 R' B
76345122211112,10557253,0,R D B D' R B' D B2 D' B2 R
13274651112323,10551566,0,R B2 D' B2 D' R D' R2 B2 D' R
71436253333112,10549421,0,R D' B R' B R2 D R' D' B' D2
41367253111133,10542137,0,R B' R2 B R2 B2 R B2 D B2 D'
37651242211133,10540080,0,R D R2 D' B R' B R2 B' R2 B
71534262122222,10535441,0,R D R D2 B2 R D' R B' R D'
52763411333123,10531453,0,R B D2 R2 B2 D R D' B D' R
75143263231313,10524269,0,R B2 R2 D2 B' D2 B' R' B R' B'
24761531221223,10521082,0,R D R' D2 B R' D B R' B2 R'
23147562123131,10509108,0,R D R D2 R D B2 D' B' D2 R
14625731111111,10502333,0,R B' D R' B2 R D2 B' D R D
53614721212121,10499241,0,R B2 R B2 R2 B' R2 D B2 D2 R'
72543613133222,10486656,0,R B R' D B' D R2 B2 D2 R B'
16453271111111,10483647,0,R D R' B2 R B' R D R2 B2 D2
63251743133231,10483134,0,R D R' B2 D R' D R D' B2 D'
34721652121313,10473970,0,R D B2 D2 B' D' B2 R B2 R' B2
23756413322312,10473367,0,R B D' B' D B' R2 D2 R B' R
71546233331213,10468069,0,R B D R' B2 R D' R D R' B2
24351673111133,10466879,0,R D B' D B2 D' B D' B R D2
24563712121232,10466295,0,R B R' D2 B' R' D2 B R D2 R2
56123473222112,10465094,0,R B R' D R' D' B R B' D B2
13276451113211,10460191,0,R B' R2 B' R D R2 D R' D2 R'
32175462312323,10459304,0,R2 B R2 B' R D R2 D2 R B R'
43126572133313,10457096,0,R B R2 B' R2 B' R D B' R D2
24637512311132,10452482,0,R D R B2 R B R2 B' D' B2 R
16475233132313,10451120,0,R B2 R2 D2 B' R2 B' R' D R' B'
56743213331333,10449569,0,R D R2 D2 R' B' R2 D R2 D' B2
31265741233331,10449119,0,R D R D' B D' R B2 R B R
24716532323231,10444301,0,R B' R2 B' D B R2 B R' D2 R'
56123473223312,10439695,0,R B R' D R D2 R B' R2 D2 B
46127351131313,10430481,0,R B R2 B R' D R D2 R D R'
23756413222112,10429552,0,R B D' R B2 R2 D' R D' B' R
52167433133333,10417332,0,R D B2 D2 B R D R' D2 R' B
13276451233133,10408430,0,R B' R B R' B2 D2 B R' B2 R'
65147321232113,10404715,0,R B' D R2 B' R B D' R D2 R2
51472361131313,10401591,0,R B2 R B R' B D' R2 D' B D'
41576322212222,10400618,0,R B D B' D2 B R' D B R' B2
31275463311122,10388047,0,R B2 D' B D R D2 R2 B' R B
24563711121212,10384886,0,R B R' B2 D' R' B2 D B D2 B2
62174351122133,10375852,0,R B R2 D2 B R2 B R D' B D'
13276541213312,10375367,0,R2 B D' R2 B' D R B' D R2 B2
56341273121213,10367275,0,R D B2 D2 B R B R' D2 R' B
51732643121213,10360959,0,R B D' R B' D' R D2 R D R'
73615241113322,10360180,0,R B' R D2 B2 R2 D B' R B' R
14763252322121,10356217,0,R B R' B' R B2 D' R B' R' D
23475162121112,10356188,0,R B R2 B R2 B' D R' B' D2 R2
42136752131312,10354364,0,R B D R' B D' R D' R D2 B
57236141323232,10345304,0,R2 B D R' B2 R D' B R D2 B2
21346752313322,10339284,0,R D R2 B2 D R' D' R' B2 R2 D'
72164353131113,10337133,0,R B2 R D R' B D' B2 D' B R'
46123573232123,10334199,0,R D' B2 R D' R D' B' R' D R2
53724612121112,10333879,0,R B D' R B R2 D2 B' R2 B2 D'
34516722313223,10328495,0,R D2 R D B2 D' B' D2 R B R
36152741231312,10326193,0,R B' D' R D2 B' R D' B' D2 B'
17435622211133,10321088,0,R B2 D' B R D R2 D2 B' R D
14567231312213,10317085,0,R D R' D' B D2 B D' R' B R
43216573212332,10313716,0,R2 B R2 B2 D B' D' B R2 D B
13576241312213,10311506,0,R B2 R2 D' B D' B2 D' R' D R'
21376541122211,10298480,0,R D R D' R B' R B2 R' D2 B'
56123471223221,10295566,0,R B R B2 D2 B' R' B2 D' R' B
17425631322332,10293574,0,R2 B R D2 B R' D R2 D R' B2
24351671212211,10285819,0,R D B' R' D' B D2 R' B D2 B'
45613272233111,10283961,0,R B2 R2 D' R D' B2 D' R' B R'
47126351233232,10273003,0,R D R' B R D' B2 R D' B D'
36714521232113,10272592,0,R D B' D2 R D' B' D' B2 D2 R
76342513322111,10270227,0,R2 B R' B2 D' B D R' D B2 R2
61734523222331,10267142,0,R2 B R B' R D B2 D2 R' B' D
71462533111223,10260605,0,R D2 B' D R2 D2 R' D R2 B' R2
64275133231112,10256829,0,R B2 D' B2 D R2 B' R D2 R2 D'
14763253221221,10252624,0,R B R' B R' D B2 R2 D2 B R'
31754621331122,10251066,0,R2 B R2 B D2 R B D' B D' B'
53761242121211,10248655,0,R B R B2 R2 B' D2 R B D B2
14673251111111,10247049,0,R B' D' R D2 B' D B R B' R2
41735261323313,10241044,0,R D' R D' R2 D' R' B' D B2 R
71435263211123,10240677,0,R B2 R B' R B' R B' D' B2 D2
76312543322222,10237301,0,R D2 B' R D2 R2 D' R D2 B' R2
37614521111111,10234817,0,R B' D R2 D' R2 B D' R' D' R
41726532312233,10221306,0,R B2 R2 D' B R' B2 R' B' D R'
31246753312211,10219917,0,R D2 R D R2 D' B' R2 D B R
13265742131312,10218898,0,R D R B2 D2 R B' D R' B D'
51642731113322,10218024,0,R D B2 D2 R' D B' R' B R2 D'
56123472331331,10216129,0,R B R2 B2 R D R2 D2 R' B2 D
34617252111212,10213594,0,R B R D2 R B D B2 R' B R'
63751242221321,10211965,0,R B' D B R' B2 D2 B D' B2 D'
36714522121322,10211410,0,R D B' D2 B' D R D R2 D2 R
12367541112212,10211317,0,R B' D' R2 D B' R2 D B2 D' B2
16543272331331,10211080,0,R B R2 B2 R' B D2 R B2 R2 B'
15246371331332,10205514,0,R B D' B R' B2 D R' B D B2
21357462311111,10202238,0,R B' R2 D2 R B D2 B R D' R
56721432312233,10196968,0,R D R B' R' D R' D' R B2 R
24615731122313,10196860,0,R B2 D' B2 D B2 R' B D2 B2 D'
52463713212332,10191058,0,R2 B R2 B' R2 D B' R2 B R B'
72543612331331,10188220,0,R B R2 B2 R' B R2 D R2 D2 R
72165432111122,10180662,0,R D2 R' B2 R B' R' B D2 R D2
37642152213311,10173588,0,R D2 R B R2 B' R' D2 B R B
47123562232133,10173427,0,R D B D2 R' B' R2 B R D2 R
14763253132232,10172403,0,R B R B' R2 D2 R' D' B D2 R'
53761242321212,10172002,0,R B R B2 R B R B2 D' R B'
52147633111112,10169612,0,R D2 R' D B D B' D R' D2 B
12347652123332,10168708,0,R D2 R' D2 R B' D' R D2 B D2
21345671111111,10166599,0,R B' D2 R' B R' B' R D2 R B
37624512121322,10164962,0,R D B' R2 B' R B D B2 D2 B
14763253133132,10161831,0,R B R D2 R2 B' R D' B R D2
52463173212332,10151885,0,R2 B R' B' D' R B2 D' B D2 B'
56147322333233,10143443,0,R D R' D' B' D R2 B' R D2 R'
61452731311313,10139751,0,R B' R' D' R D' R' B2 R' D' B
72543611221223,10135726,0,R B R D' R2 B2 R' B' R D2 B'
57364212213311,10133721,0,R D B' R' D' B2 R2 D' R B' D
56123473133231,10124436,0,R B R D2 B2 D' R' B2 D' B' R
14523673121312,10122052,0,R B' D' B D2 B2 D B' D' R D2
54723613333313,10119632,0,R D B2 R' D' B2 D B D2 B R'
34617252123212,10118595,0,R B R B R2 D2 R' D' R2 B' D2
54163272233111,10112975,0,R D R B R' B2 D' B R D R
65274131111111,10112905,0,R B' R D' B2 D B2 R' D B D
51324672212111,10110458,0,R D R' B' D' B R2 D' B R2 B'
17356242211331,10110160,0,R2 B R2 B R2 D B D' R B' R'
32741651121311,10105313,0,R D2 R' B R D B' R D' R2 B
62571432321233,10104315,0,R B' D' B2 D B' R2 D B2 D' R2
73615242223133,10080405,0,R B2 D' R D R B2 R2 D' B D
74123653133231,10080315,0,R B R D2 B2 D' B R' D' R2 B
54127632131213,10079954,0,R B' D B R' D' R B R' D R2
71452632222131,10079195,0,R D R' B R' D R' D2 R B2 D'
54127633131212,10077424,0,R D R2 D2 R' B' D2 R D2 R' B2
16543271223221,10077408,0,R B R B2 D2 B' D R' D' B2 R
32175461111111,10077011,0,R B' R B2 R' D B' D R2 B2 D2
72563411112131,10067684,0,R D2 R' D R D B' D B' R2 D
72163453131212,10060019,0,R D R2 D2 R' B' D2 R D2 R' D2
37615423121132,10047041,0,R B2 R2 B' D B2 R' D2 R D2 B'
54371621113112,10044530,0,R2 B D B' D2 B R' B R B2 D2
73642513223222,10042904,0,R D2 B' D B2 D2 B' R D2 B' D2
71365423331312,10029456,0,R B2 R2 D2 B' D2 B' D' B R' B'
43571262122222,10028928,0,R B R D' B D' B R' D R2 B
63725143122113,10024968,0,R B2 D' R2 D R2 B' D B2 D2 B'
31765242322121,10021454,0,R B' D B' D2 R B' R D R2 D
32671453123313,10018448,0,R B2 R2 D2 B' R2 B' D' B D' B'
54723613121312,10018351,0,R D B2 R' D' R2 D R B2 R D'
15624732123212,10017698,0,R B' D B' R2 B D2 R D' B2 D
16735242122213,10015943,0,R B R2 B2 D' R B' D' R D R'
72345611111111,10013204,0,R B' R2 B' R' D' R D2 B D' B
27615431312333,10011852,0,R D B D2 R2 B D' B R' D R'
24615732233321,10003670,0,R B' R' D B R2 B2 D2 B R' D
23756413223312,10001969,0,R B R' D' R B' R2 D2 R D' R
16273541321321,9998076,0,R B' D R D' B2 R2 B R' B2 R'
42673512232133,9994812,0,R D B R2 B R B2 R' D' B2 R
16347253121312,9993784,0,R B' D2 B' R B R D2 R2 D B
41725362221213,9977213,0,R B2 D' R2 D B2 R' D B2 D2 B'
32567412131312,9977212,0,R B' D R' B2 D2 R D R' D B2
23756411222312,9976980,0,R B R' B R2 B2 D' R B' D' R
42615372221213,9974261,0,R B2 D' B2 D R2 B' R B2 R2 B'
13276541322311,9972949,0,R2 B R2 B' D B R2 B2 R B D'
12673542331133,9971574,0,R D R' D R' D B' R2 B R2 D'
15724632123233,9968200,0,R D B R' D B' D B2 D' R2 B
46275312132212,9966869,0,R B2 D' B2 D B2 R' B R2 B2 R'
34721652222212,9964823,0,R B' D R D' R' D R B' D B2
76125343333133,9964150,0,R B2 R B2 D' B' R B' D R' B
36547212131312,9961129,0,R D R2 D2 R D B R' B2 R' B
47165322132212,9958739,0,R B2 D' R2 D R2 B' D R2 D2 R'
14752631111111,9956107,0,R B' R' D' R D2 B' D2 B R' B
53462711113322,9953207,0,R D R2 D2 B' R D' R' B D2 R'
25741361232113,9948367,0,R B' R D2 B' R D R' B D2 B2
54367121112212,9948149,0,R B' D' R2 D B R2 D' R2 D B2
56243713121333,9946377,0,R B R2 D B D2 R' D B2 D2 R
32174561232113,9941405,0,R D R' D2 B R' B' R' D2 R2 B
73615243332311,9940429,0,R B2 R2 B' R D2 B' D2 B D2 R'
16547321113331,9939407,0,R B2 D' R2 D B D2 R2 B' D' R2
12543671111111,9938565,0,R B' R D R' D2 R' D' B' D B2
25736141111123,9934336,0,R D R' D' B' D2 R2 B' R D' R
47165321232113,9931042,0,R B D' R2 B2 R B R D' B2 R
23165741231312,9929176,0,R B2 D' R2 D B2 R' D R2 D2 R'
74136522322121,9928823,0,R B R' D B2 R D' R2 D' R B'
72134562312212,9927962,0,R B2 D' R2 B D' R B' D B' D
67215343333133,9916835,0,R B R2 B D2 B' D R' D' B2 R2
74325613121312,9915650,0,R B' R' B D2 B2 D R' B' R D2
51726433123313,9914867,0,R B D2 B2 D' R B2 D' R2 D B
12354762121211,9914498,0,R B' D R' D2 R D2 B D' B2 D
36547212122222,9914306,0,R D R2 D2 R D R B' R2 B' R
37651422312311,9914180,0,R D2 R' B D R D' R2 B D' B'
52741362313223,9912230,0,R D B' D' B' R2 D2 B' R B' D
53421671321111,9902433,0,R2 B R D' B2 D B' D R B2 D2
73615423213211,9902305,0,R D2 R' D R B D' R2 B R' B'
47251632131312,9896363,0,R B R' B R' D' B R2 B D R'
56143273332323,9885424,0,R D2 R' B D B D' B R' D2 B
16542372112331,9881327,0,R D' R D R2 D2 B2 R' D' R B2
61274351313131,9876366,0,R B D2 R B R2 D' B D2 B2 R
76541233333313,9874941,0,R B' D' R D2 R2 D R' B' D R2
15246371332331,9874814,0,R B R' B2 D2 B R D R' D' R
51472633331312,9871160,0,R B R2 D2 B D2 B R D' R B'
54172633132313,9870586,0,R B D2 R B D2 R' B R2 B2 D
37415622333221,9869739,0,R D2 R' D B R D' R2 B D' R'
76342513213112,9865160,0,R2 B R B2 D R' D B2 D B' D2
75613243131332,9863283,0,R D2 R' B R B R' D2 B R' B'
76354122111212,9857071,0,R B' R D' R2 D R2 B D' R2 D
73615243213313,9852147,0,R B2 R2 B' R B2 D' B2 D B2 R'
23165742123131,9845389,0,R B D B2 D2 B D R D' R2 D'
46135272133313,9845389,0,R B R B' D2 B D' R B R' B2
13254762321233,9845336,0,R D B2 D' R' B2 D B' D R B'
56732143122113,9844981,0,R B' R' D R2 B' R B' R' B2 R'
42157633231322,9841921,0,R B2 D' B2 D B D2 R2 B' R' D2
71435263333223,9839870,0,R B2 R2 B' D R2 B' D2 B D2 R'
74132563131221,9837695,0,R D2 B' R B2 R2 B' D R2 B' D2
74521633121312,9837433,0,R D R2 B' D' R2 D B R2 B D'
75312463333133,9835946,0,R B R2 B' D2 B' D B R' B R2
45376121331311,9834335,0,R D B' R D2 R' D B' D B R2
21357642221132,9833065,0,R B2 D B2 D R B2 D' B R' B2
75234162221111,9830233,0,R D B2 D' B' D2 R B' R B R'
74152363133132,9829828,0,R B R2 B' D2 B R' D2 R' D R2
62134572321323,9828051,0,R B' R D R' B2 D2 B D' R2 D'
36415272123212,9827298,0,R B D R2 D B D R2 B' R B
23165742312323,9826849,0,R B' R' B R B2 R2 D2 R B' R
13765422121211,9825130,0,R B D B2 D R D B2 R' D R
32167451111111,9824208,0,R B' R B R' D2 R' D' R' B D2
51723643131311,9824058,0,R B R' B D R' B2 R' D2 R D
75316241231231,9818286,0,R D R B' R B' R D2 R D R
52167342121232,9816849,0,R B R' D B R2 D2 B' R2 B2 D'
54127633333313,9815969,0,R B' D2 B' D B R D2 R2 D B
13642571221223,9815023,0,R B R2 D B R2 B2 D' R' D' B2
74152363133231,9810695,0,R B R2 B2 R' B2 D' R' B2 R' B'
21354761122211,9809459,0,R D R D' R B' R B2 R' D2 B
54326171111231,9809203,0,R2 B R B' D2 B D' B R B2 D2
31257462222221,9806537,0,R D2 R2 B2 D' R' B D' R2 D B'
36721453121111,9805144,0,R D2 R2 B' D' B R' D2 R D' B2
13642571223221,9797168,0,R B R2 B2 R' B2 D' R' D2 R' B'
17642531112233,9792831,0,R D B' D' B R2 B R B2 R2 D'
42137561123333,9787251,0,R B2 R2 B R2 B2 D2 B' D2 B2 R
26714532121133,9782578,0,R B2 D R2 D R D2 B' D R' B2
32164571111111,9778189,0,R B' R D2 R' D2 B D' B' R' B
26435712233321,9777801,0,R B' R D' B R2 B2 D2 B R D'
76351421112323,9775741,0,R B' R2 B D' R B2 D' B2 D R2
13246752133211,9774175,0,R B2 D' B2 R D' B D' B R' D
31267542222233,9768999,0,R B2 R D R' B R2 D' R D B'
35416723232213,9768810,0,R D R' D' B' D' R2 B D' B2 D
34716522223211,9766639,0,R B2 D' R2 B D' B R' D B' D
74251633111313,9766411,0,R B R' D R B' R2 B' R2 B R
74126352333122,9765597,0,R D' R B D2 B2 R2 D' R' B R2
74152363132232,9764388,0,R B R2 D B D2 B2 R' B' D' B2
35714623111322,9761467,0,R B D' B2 R2 B' R' D B' D R'
15246372331331,9755716,0,R B R2 B D B2 R D2 R2 D' B'
75431263133213,9754450,0,R D2 R2 B2 D' R' D B' R2 B R'
54321763113113,9754163,0,R D R' B D2 B' R D' B R B2
14527632333332,9752535,0,R D2 R' D2 R D' B' R D2 B R2
71435263333133,9747669,0,R B2 R2 B' R D2 B' D2 B R2 D'
51624733323113,9744950,0,R B' D' B D2 R' D B' D' R2 D'
37624152311213,9741437,0,R B2 D' B2 R D' R B' R B' D
37614252221123,9736661,0,R B2 R' D R' B' R B' R2 B R2
32657143121213,9733418,0,R B R B' D B' D R' D B2 R
61543271111111,9729480,0,R B' D2 R' B D R B2 R B' D
41762532221333,9725893,0,R B' D R2 D' B D2 R' D2 R D2
16524731112212,9724982,0,R D R2 D' B' R2 D B' R D B'
13275643212221,9723677,0,R B2 R2 B' R B2 D' B2 D R2 B'
74521633333313,9721689,0,R D R2 B' D' B2 D B R2 B R'
64357213312211,9719484,0,R D R' B' D' B2 R2 D' B R' D
56243173133111,9715024,0,R B' R2 B D2 B2 D R2 B D2 B'
67354213111313,9711019,0,R B' D R B2 D' B2 R D R2 D'
32567413133333,9700802,0,R B' D B' D2 R2 B D B' R B2
42751632321233,9700528,0,R B' D' B2 D B R2 D' R2 D R2
15763241111111,9686583,0,R B' R' D R2 B' D B D B' R2
76524313331222,9683574,0,R B2 R D2 R2 D B2 R' D2 R2 B
67312542221111,9682068,0,R B' R' D2 R B' R2 D R2 D' R2
12354671111111,9680087,0,R B' R2 D' B R' B' D R2 D B
36145273333313,9678983,0,R B' R' D R2 D2 R D' B' D R2
24571362221213,9677467,0,R B R2 B D R' B2 R' B' R2 D
32561471211131,9669831,0,R D2 R2 B' R' B R' D2 R B' D2
12365471111111,9666495,0,R B' R2 B' D' B' D R2 B R' D
41725361232113,9660150,0,R B R' B2 D2 B D R D' R2 B
43751623123313,9657840,0,R B R2 B' R2 D2 B D B' D B'
31275462312212,9657134,0,R B D2 B R' D2 R B2 R' B D'
27543611111123,9653395,0,R D2 R' D2 R' D R' D2 B2 D' R
53274163211222,9651448,0,R B2 R B2 R2 B R2 D' R2 D2 B
35174262231113,9651098,0,R B2 R D B' R B2 D' R D R'
24571631121212,9649498,0,R B R' B R B2 D2 R' B2 R2 D'
71435261322233,9648084,0,R B2 R' D R' B R' D R' B2 R2
51342672212111,9645274,0,R B' D R B2 R' B R2 D' B2 D
35127462331331,9644198,0,R B' R D' B2 R D' B D R2 D
76325412112121,9640078,0,R D2 R' B2 R D' B' D B2 R B2
73542163321133,9636183,0,R B2 R2 B D2 B2 R2 B D2 B2 R'
41736521233232,9629159,0,R D2 B D2 B' R D' R D' B' R
13275641112233,9628827,0,R B2 R' B D' R B' R B' R2 B2
34617522221333,9627986,0,R B2 R' D B' R' B R' B2 R B2
56741231131211,9619383,0,R D B2 D' R B D2 R' D' B R
21345762312323,9615445,0,R B' R B' D R2 D2 B2 D B R'
56743213121312,9610559,0,R B' R2 B' R D B D2 B2 D B
32146752232223,9609895,0,R D R2 B' R B2 R' B D' R' B'
41735262312233,9608506,0,R B2 D' B2 D' B R' D2 B2 R' B
42351671212211,9605832,0,R B' R D B2 D' R B2 D' R2 D
71435623333331,9604890,0,R D2 R2 B2 D' B' D B' R2 B D'
73541262321212,9594805,0,R B R B2 R B R B2 D' R B
73615243331312,9594380,0,R B2 R2 B' D B2 R' D2 R B2 D'
31475262331313,9594171,0,R D2 R2 B2 D' B' R D' R2 D R'
76215433333133,9593557,0,R B R' D2 B D' B R B' R2 B'
62157342132212,9590881,0,R B R2 B R D' B2 D' R' B2 D
75264132321212,9588394,0,R B' R B' R2 B D2 R D' R2 D
71462531113322,9587872,0,R D B' R2 D R' D' B' D2 B2 R
65471231132213,9584835,0,R B2 R B R' B R2 D' R B R'
13546271231231,9583246,0,R D2 B R2 B' D R' B R' B' R
73652413331321,9577345,0,R B2 D B2 D B R2 D' B D' R2
76325411111312,9573895,0,R D2 R2 B' R' D B' D2 B D' B2
71435263311122,9568977,0,R B2 R B' D B' R D' R' B2 R2
75146321323331,9568013,0,R B2 D2 B' R D' R2 B' R B' R2
75264313231112,9565550,0,R B2 D2 R' D' B R' B2 D2 R D
32657412111212,9565101,0,R B R D2 R B D B2 R' B R
15672433312133,9564966,0,R B D B' D B' R B' R B2 D
31275462311213,9563981,0,R B D2 B D' B2 D B2 D' B D'
54127632222212,9562651,0,R B' R D R' D' R D B' D B2
21473563331312,9560622,0,R B R2 D2 B D' B D' R D' B'
43721653231313,9552052,0,R B R2 D B R2 D' R B2 R2 D
25763142223133,9548482,0,R B' D2 B R B2 D' B R2 B' R'
73614251112323,9544121,0,R B D B2 D B' D' R D' R2 D'
74325163131323,9540564,0,R B R D' B2 D B' R B D' B2
32165742211112,9533591,0,R B' D2 R D' B' R D B' R D2
46512372113321,9532901,0,R B R2 B' D2 R2 B R B' R D
32174561112323,9532107,0,R B2 R' D' B R2 D' B' R B' R2
12765433121213,9531163,0,R B' R D' B2 R2 D R B' D B2
73615243123313,9529040,0,R B2 R2 B' D R2 B' D2 B R2 D'
52743611113121,9525864,0,R D B2 D' B D R2 B' R' B R
74521632222212,9524321,0,R B' D2 R B D2 B' D' B2 D' R'
37615422223133,9521076,0,R B2 R D' B D' R D' R' D2 R2
16572431111111,9520151,0,R B' R' D B' D2 R' D B R D2
37615422313331,9506792,0,R B D B' D2 R' D R' B D' R'
53762413322123,9499530,0,R D R' D B2 D' R D' B D B2
14356721322233,9497737,0,R D B' R' D B2 D R D2 R2 B'
74512361322233,9494474,0,R D R' B' D B2 D B R2 B2 D'
13267541111132,9491045,0,R B2 R2 D' R B' R2 B' R' D R'
34562172232313,9490564,0,R D R2 B' R D2 R' B D' B' R'
34721652131213,9485554,0,R B' R B R' D' B D B' D R2
46257132211133,9463405,0,R B' D2 B D R2 B' D R2 D' R'
25137461111111,9455746,0,R B' R B R' D2 R' D' R' B D'
37615421113322,9455300,0,R B2 R' D B' R B' D R' D2 R2
36145272122222,9451907,0,R B' R B' D2 R2 B D R' D R2
16537421233112,9451503,0,R D2 R D R2 D2 R' B D2 R' D'
36547212221222,9450953,0,R B' R2 D2 R D R B' R2 D R
15236471111111,9446863,0,R B' R2 B' D' B' D R2 B R' D2
14723651111312,9445381,0,R D B D' R2 D R' D B' D2 R'
34165271211131,9442084,0,R D B' D B R D' R2 D R' D2
21357463213331,9440754,0,R B2 R' B R' B' R D' R2 D B2
76341251111312,9436815,0,R D B' R D R D' B2 D R' B2
41532761233133,9426599,0,R B D2 B2 D' R D2 B' R2 B D
21536742222131,9423060,0,R B2 R D2 B' D' B R' B R' D
53126471231231,9421981,0,R D2 B R2 B' D R' B R' B' R'
35162742213323,9419808,0,R B R' B D R2 B2 D' R2 D B
25736141233232,9417404,0,R D2 B D2 B' R D' R D' B' R'
16275341312213,9414256,0,R B2 D' R2 D' B D' B2 R2 D' R
74361253112132,9413208,0,R D2 B R' B R B2 D' B R D2
25134672313211,9404548,0,R B' R B' D' B D2 B D R D'
75246131333312,9402409,0,R B' R' B D2 R' B R' D' B2 D'
37615422211133,9396073,0,R B2 R D' R B' D R' B' D2 B2
25714632123131,9387561,0,R D R2 B2 D R' D B' R2 B R'
52167432131213,9387438,0,R B' D2 R B R2 B' R' D2 R' B'
41735622313322,9385255,0,R B R2 D2 B D2 B R D' R D
76145232332213,9382612,0,R B' D2 B D' R2 B D R B' R
14725363311113,9378252,0,R B' D R2 B' R2 B D' R B R
62174533311212,9376641,0,R B D' R2 B' R B D' R2 B2 D2
67452313321232,9375690,0,R B2 R D2 R2 B R' B' R B' R
43572161111111,9375293,0,R B2 R' B' R' D R2 B D' B D'
64275131212223,9374084,0,R B D2 R2 B' R' D B' D R2 D
63471522323132,9373654,0,R D2 B' R B' R' B D2 B D B
67231543323122,9371821,0,R D' R2 B D' B D' R' D' R D2
62453713311122,9368562,0,R B' D B2 R' B D B' R B2 R2
25413763121222,9368377,0,R B R B' R B R2 D' B D B2
51642371122313,9367656,0,R B2 D2 R' B' D R' B2 D2 R D
52743611111312,9365914,0,R D B D' R2 D R' D B' D2 R
34721653333313,9363843,0,R B' R2 B' D B D R2 D2 R B
24531673123121,9363054,0,R D B R2 B' D R2 B' D2 B D'
45621732212123,9361904,0,R B D2 R2 B2 R' D B' D B2 D'
16345273233323,9361386,0,R D2 R2 B' D' R B' D2 B R' B2
45312762221111,9360005,0,R B' R' D2 R B R2 D' B2 D R2
36547212121313,9357196,0,R B' R D2 B' D2 B R' B D2 B'
26573413331312,9349281,0,R B R2 B2 R' B D2 R' B2 R B
56741231211131,9341454,0,R D B R' D2 R D' R B' D2 R
35162472123233,9337509,0,R B' R2 D R' D' R B D' B D2
73625141112323,9337488,0,R B R2 B' R2 D2 B D B' D R2
67231541323112,9336719,0,R D' B2 R D' B R' B' D' R B2
16532471111222,9330652,0,R B2 R B2 R2 D B' R' B D' R
26435712311132,9325366,0,R B R B2 R2 B R B D' B2 D'
21354672311132,9324503,0,R D R2 B2 D B' R D' R2 D R'
37246511112233,9321482,0,R D R' D' B D2 B D R2 D2 B'
71426533333223,9317443,0,R B2 R' D B' D B2 D2 R2 B' D'
42516372233111,9313090,0,R B2 D' R2 D' R D' B2 R2 D' B
46721533123313,9311394,0,R B R2 B' R D' B R' D R B2
34567212223232,9306892,0,R D R2 D' B R B2 D' R' D B
12376451111222,9306169,0,R B' D R D' B D' R2 B R D2
37654212311222,9305330,0,R B D' B2 R' B R D' R2 B2 D2
36147252111113,9302530,0,R D R2 D' R B R2 D' R' D R
21354671131313,9300575,0,R B' R2 D2 B R' D2 B D' R' D'
56347122333233,9299608,0,R B' R B D2 B' R B2 D' B2 D
56341273131212,9299299,0,R B' R2 D2 R B D R' B2 D B
41725363121222,9296255,0,R B D' R D' R B2 D B' R' B'
75346211211311,9293117,0,R D B' R D' B D2 B2 D R' D'
32647152133121,9289441,0,R D2 R' D2 R' B D' B2 R2 B' R
52174633223123,9288155,0,R B' R' B' R D' R' D2 R' D' R
73564213321322,9282702,0,R B2 R B2 D' B' D R' B R' B
24715631111111,9279231,0,R B D B2 D2 B R D' B D' B'
34165273133312,9279196,0,R D B' R2 B' R' B2 R D' R2 D2
21345763332233,9273408,0,R B D2 R2 B' D' R B' D R2 D
61527431111111,9270116,0,R B' R B D2 R' D R' B D' R2
67354213131311,9265681,0,R B' R D B2 R' D2 B D B2 D'
45213672221123,9265149,0,R B' R B2 R' B D2 R' B2 R D2
12376541112323,9263719,0,R B2 R' B' D R2 B' R' D B' D2
21354673131113,9252357,0,R B' R2 B D B2 R' D2 B R B'
46275313121222,9243276,0,R B D' B D' R B2 D B' D' R'
26175432331133,9237926,0,R B2 R D2 B' D' R B' R B' D
15724362212132,9236460,0,R B D' R' D B R' D2 B2 D R2
61534272311132,9229043,0,R B2 R' B2 R D' B R' B2 R B
15273641112323,9227324,0,R B2 R' B2 D2 R' B D R' B2 R
72534163211123,9225676,0,R B2 R D B2 D' R' B2 D B D
73642511113232,9225604,0,R B' D' B2 R D R2 D' R' B2 R'
24715631122121,9225142,0,R B' D2 B R B2 D2 R2 B R' B'
63714252123131,9220783,0,R B2 R' B2 R B' R D' B2 D B
51623743313321,9219282,0,R B R' D B' D' R B2 R B D'
16534271111111,9215528,0,R B' R2 D' B D B R2 B R' D
12563472131213,9214311,0,R B' R2 B' R' D2 R B R2 D' B'
56347212111311,9213183,0,R B' D' B R2 B R D' B' D2 R
15627431322113,9212244,0,R D2 R B R2 B2 R' D B2 R' D'
26435713311122,9210973,0,R B D' B2 R2 B R B D' B2 R
63752141122211,9210391,0,R B' R2 D R' B' R B R' B D2
35167242132212,9209114,0,R B R2 B R D' B2 D' R' B2 D2
14725362211121,9208161,0,R B' D2 B D R2 B2 D2 R B' D'
34516272312332,9207776,0,R D2 R' B2 R' B D' R2 B2 R' B
27614353311332,9199033,0,R B D' B R' B R' B2 D2 R' D'
16725431211131,9197604,0,R D B R' D2 R D' R B' D2 R'
73642511113322,9191104,0,R D R' B2 D R' B' R' B2 R2 D
41625731222231,9188258,0,R B D' B' D2 B' R' D2 B R2 B'
17426531213123,9186072,0,R D R' B2 R' B R D B2 D2 B
64321572111131,9186065,0,R D2 B' R B R D2 R D' B' D
74132561321231,9183543,0,R B' D' R2 B D R2 D' R' D2 R'
35126741232212,9179840,0,R B2 D2 B' R B' R2 D' B D' R2
54671232221213,9167864,0,R B R2 B D R' B2 R' B' R2 D2
27314652313211,9161034,0,R B' R B D B2 D B' D' R D'
24367511323112,9156131,0,R D' R2 B D' R D' R' D' B R2
14736521332121,9154010,0,R D R' D2 R' B R B D2 B2 D
35462712322322,9153624,0,R B2 R2 B R2 B' D2 R B' D2 B2
67412353132121,9150557,0,R D2 R' B2 R' D B' R2 D2 R' D
12374651111222,9148158,0,R B2 D B' D' B2 R B2 R B2 R2
35126742231233,9148068,0,R B2 D2 B' D B' R2 D' R D' R2
63752412312323,9137684,0,R D B2 R2 D B' R B' R2 B D'
12745632212213,9135187,0,R B' D2 B R' B2 D B R D' B
67245311133233,9133739,0,R B D' R' D2 R' D' B2 R D2 R'
36745213121111,9130458,0,R D R' B D R B' D2 B R' B2
54723612222212,9128397,0,R B' R2 B' D' B2 D B R2 D' R'
27416533321232,9127256,0,R B' D B R' B R' B2 D R D2
12354762121112,9122682,0,R B2 R' D R2 D R B' R' D R2
54712362223322,9121987,0,R B2 R2 B D2 B D2 R' B R2 B2
75264132121232,9119687,0,R B2 R' D R' B' R D B2 D B2
34561721111111,9118879,0,R B2 R' D' R' D B2 R D' R D'
31275462223211,9117742,0,R B R2 B D' R2 D R2 D' B D'
25634713321232,9116032,0,R B2 D R' B' D2 R D2 R B2 R2
65132472233321,9115893,0,R D B2 R2 D R' B R' B2 R D'
36152742131321,9108896,0,R B2 R2 B D2 B' R2 D R' D2 R2
12364571112212,9107440,0,R B2 D2 R D2 R D' R' B' D2 B2
46375213112111,9105252,0,R D R' B D' B R2 B2 R B' D'
42651733311122,9103813,0,R B' R B2 D' R D R' D B2 D2
25714633121333,9102726,0,R B' R' B D2 B R' D' B R2 B2
62371453311311,9101152,0,R B D' B' D R B' D R2 D' R
54367122211121,9096126,0,R B2 D' B' R2 B D2 R' B R D2
26453172211133,9095583,0,R B' R2 B D B2 R' D R2 D' R'
45367122223133,9087748,0,R B' R2 B R B2 D' B D2 B' R'
12576343212221,9084594,0,R B2 R' B R' D R2 D2 B2 R' D'
13275642131333,9081740,0,R B D R' B2 D' R B' D B' D'
73645121113211,9077071,0,R B D2 R' B' D2 B' D' R2 B D
31275462133211,9076521,0,R B R2 B R' D2 R D2 R' B D'
56213471111111,9070729,0,R B D' B2 D B2 R' D R D B'
76145232233213,9070432,0,R B' R2 B D' B2 R D B D' R
76324151112323,9064270,0,R B2 R B D' R2 B2 D R2 D' B'
14723653321313,9059743,0,R D B' D2 R D B2 D R2 D2 B
62735143223213,9059501,0,R B' D2 B' R' B2 R' B D R2 B2
26135742132221,9058200,0,R B' D2 B' D' B2 D' R D B2 R2
64275131312123,9055151,0,R B R' D R' D B2 R D' R' D'
26714531212133,9052574,0,R B R' D B' R D' R2 D R2 B'
14753261323112,9047745,0,R D2 R D B2 D2 B' D B2 R' B'
54167233232333,9042549,0,R B' D' R B2 R B D' B' R2 D
17463251323112,9042319,0,R D2 R B D2 B2 D' B D2 R' B'
14735621233112,9041920,0,R D B2 R' B R' D R B R' D2
27415632323231,9041352,0,R B D2 R' B' R2 B' D' R2 B D
74561233321313,9041000,0,R D R' B2 R' B' R2 B D' R2 D2
12346751113133,9038672,0,R B2 D R' D B D' R2 B2 D R
35762142222113,9031854,0,R B2 D2 B' D R' D2 B' R D' B2
52367142211121,9030850,0,R B2 R B' D2 R' B' R' B2 R' D
54716232222113,9030735,0,R B D' R B' R B' R2 D2 B' R'
53742612323333,9028445,0,R B2 R B' R2 D' B' R' D2 R' D
12543673233323,9026907,0,R D R' D B R B' R2 B D' B2
65132743222331,9023570,0,R D B' D' B' R D2 B' R B2 R'
54612372222131,9022501,0,R B D R B2 D B' D2 R2 B' R
14752363232222,9020526,0,R B' R D R B' R2 B' R2 B' D2
65321472111122,9019741,0,R B D B2 D' B R2 D' R2 D B'
54326711112212,9018946,0,R B D' B R2 D' R B' D2 R2 B
46372511221331,9015417,0,R B2 R' B D' R' B R' D2 R D2
15367421211113,9007984,0,R D B' D2 B D' R B R2 D2 B2
63751423122311,9002798,0,R B D' R B' R B' D2 B D2 R'
45621373123331,8997145,0,R B R' D' R2 D' R' B2 D B2 D'
46275311123222,8995480,0,R B R2 D2 B' D' R D' R D2 R
14762351321231,8991195,0,R B' D' R2 B D' B' D B' R2 B'
76354121121212,8990723,0,R B2 R' B R2 B D R' B' D B2
24715633131131,8990129,0,R B' D B2 R' B2 R B' D B R
57264132111323,8989753,0,R B2 R2 B R2 B R2 D' R B2 R2
32475163331222,8989182,0,R B R' B2 D2 B R' B2 R' B2 R2
76213543213133,8988802,0,R B2 D R2 D B R2 D' B R' D2
64531273123121,8988370,0,R D R B' D B' D R2 D' B2 R'
32156471111111,8983513,0,R B D' B D' B D2 B2 D R' B'
56124371232323,8980795,0,R D R' B' R D' B D2 R2 B' R
24315761122322,8980639,0,R B' R2 B' D' B2 D' B R B2 D2
72541633121111,8975137,0,R D R D' R2 D B' D B' D2 R
25736411133113,8974369,0,R B' D B D2 R' B2 D R B2 R'
45621732233333,8974010,0,R B R2 D2 B2 D' B R' D B2 D'
34172562313331,8970994,0,R B2 R B' R B' D' R2 D' R2 B2
37614522313322,8960401,0,R B' D2 R2 B' R B' R2 D R' D2
65213741111111,8957654,0,R B D' R2 D B' R D' R2 D2 B2
25367411211122,8953206,0,R B D2 B2 R B' R B' R D R2
56174232323333,8950312,0,R B' D B R2 D2 B R B2 R2 D'
74321653233323,8949851,0,R D R B' D2 B R' D B' R2 D
15642373231223,8949153,0,R B' R B R B' D2 B' D2 B' D2
26415732233321,8948377,0,R D R' B2 R' B' R' D R2 B D'
46572311223122,8947041,0,R B' D B' R2 B' R' B' D R2 B
56743212122222,8945485,0,R B2 R2 D' B R' B' D R2 B' D'
41673521111111,8943821,0,R B D' R2 D B' R D' B2 R2 D2
37612542221111,8942359,0,R B2 D2 R B2 R B' D' R' D2 R2
52167433331333,8942044,0,R B' R B2 D' B2 D R' B D2 B'
63714521112323,8940619,0,R B D2 R' D' R' B R' B R' B2
45327612222323,8939512,0,R B D2 R2 B2 R' B D' B' R B
41762533123331,8934806,0,R B2 R B D' R B2 D' B R D'
51624731312123,8933524,0,R B2 R2 B R2 B' R2 D B' R2 B2
23175463211222,8930739,0,R B R' D2 B2 D B' D2 B' R2 B2
47156321133311,8928130,0,R B' R D2 R D R B' D R2 D'
63725141233121,8925284,0,R B R' B D' B D2 R B' D' B'
16742352232313,8918685,0,R B D2 B' R2 B R' B D R' D2
54723612221222,8914294,0,R B2 R' D B' R2 B R2 D' R D'
31462751111111,8912278,0,R B D' R2 D B' R D B2 R2 D'
72163453121213,8902913,0,R B2 R2 D' B D' B' D R2 B' D'
23165473233221,8901126,0,R D R' D2 R B D' B D' R B2
34125673133333,8901000,0,R B2 R' D2 B D R2 D2 R' D' R2
31264752313121,8899468,0,R B2 R B' D B' D' R2 D' B2 R2
41725363121231,8899272,0,R B R2 D2 B' R' B D' B R2 B
27534612311132,8892513,0,R B D2 B' R B2 D' R' B2 R B'
54261732231233,8890354,0,R B R' D B' R D' B2 R2 D' B'
12376451113133,8886836,0,R B2 D B2 D' B R' D B' D' R
13267451122211,8886184,0,R B' R2 D B2 D' B' D2 R2 B R'
51742632323333,8886067,0,R B2 D' R' D2 R D2 B' R B D2
65132473111331,8882783,0,R B' R2 B R B2 D' B2 R B R'
65132471231321,8881963,0,R B' D2 R D2 R' B R' D2 R' B
34165271112212,8872286,0,R B' D2 B' R B2 D2 R D' B2 R
61453721111111,8869110,0,R B D' R2 D B' R D B2 R2 D2
24765313222112,8867311,0,R B D' R B' D R2 D R' D R2
76253413322312,8865184,0,R B2 R D2 R2 D B2 R D2 R2 B
17425631323112,8860170,0,R D B2 R' B D' B D B R' B2
37615422313121,8855464,0,R B R B' D2 R' B R' B D' B'
72531463321232,8851239,0,R B' R2 D B2 D' R2 D' B' D B2
35614722321233,8847754,0,R B2 D2 R D2 R B' R' B' D2 B2
17452633213232,8842864,0,R B D' B2 R2 B D' B2 D' B2 D2
74561233233323,8841241,0,R D R B' D2 B R' D B' R2 D'
52361472131312,8840442,0,R B2 R2 D' R D' B' R D2 B' D'
12375461111222,8837746,0,R B2 R' D R2 B' R D R D' B2
12354763211123,8834389,0,R B2 D' B R' D R2 D R D' R2
13675241112323,8832868,0,R B D2 R2 B2 R' B' D' R D2 B'
43167251232212,8832066,0,R B R' B R' B D' R2 B2 D' R'
74125633121111,8831770,0,R D R D' R2 D B' D B' D2 R'
21364752311111,8829554,0,R B R2 D' B' R2 B' D' B2 R D
12745632232211,8828391,0,R B' R2 B R' B2 D B D R' B
36417522123311,8828114,0,R B R' B2 D' R B D' B2 R2 D2
52167432121313,8825540,0,R B2 R' D R' B2 R B2 D' R D'
56347213111211,8825184,0,R B' R' B R2 B D B' D' B2 R
47156321111111,8822118,0,R B D R' B R' D B2 D2 B D'
75346212323333,8818041,0,R B' R2 B R B2 D2 R2 B R' D'
14567231321123,8816879,0,R D R' B' D B2 D B' R' B R
36745212122312,8815755,0,R B' D' B D' B' D B2 R' D2 R
14625732113321,8815679,0,R B' R D' R2 D B' D B D2 R'
51324761111123,8813942,0,R B R' D R B2 D2 R' D2 R D
24715363311332,8809075,0,R B R' D' B R' D2 B2 R' B' D2
71234563231322,8807019,0,R B2 D B' R D B' R2 D2 B D
37624511232233,8806837,0,R B' R' B2 R' B' D2 B D B2 R'
74125633133312,8805670,0,R D R' D2 R' B' R2 B R' D2 R2
25641371213132,8803650,0,R B D2 R2 B2 R' B D' B D2 B'
64231572311132,8803478,0,R B D R2 B' R' D2 R B R2 B
31276452313313,8802018,0,R B' D R' B R2 D R' B' D' B2
65172431132333,8800935,0,R B2 R B R2 B D' R' B2 D2 R'
74321563311131,8790406,0,R B D2 R' D2 R D2 B' D B D'
32174561232233,8788202,0,R B' R' D2 R' D' R2 D B D2 R'
71563243221221,8788043,0,R B D' B2 R D' R D R' B2 R'
64357212313211,8785592,0,R B D B2 D R2 D B' R2 D2 B'
62135473123121,8782909,0,R D R B' D B' D R2 D' B2 R
46275312232133,8779873,0,R B D R2 D2 R B R B' D2 B'
75261432123233,8775925,0,R B' R2 D B2 D' R' B2 D2 R B'
24615733311122,8775455,0,R B R' D2 B2 D R D R' B2 D
25716431212223,8770420,0,R B D' B D' R2 D R B2 D' R
75346122133133,8769582,0,R B R' D' R B R' D2 B2 D B2
37256142321233,8768205,0,R B D' R B2 D' R B' R2 D2 B
56721343123331,8767578,0,R B R2 B2 R' B R2 D' B2 D B
12345761111111,8767575,0,R B R' D2 B' D R' D' B D2 B
46512371331221,8767354,0,R B D' R2 B2 R D' B2 D' B2 D2
12365472321233,8767126,0,R B' D2 B' D B2 R2 D R' D2 B
32756141233121,8766344,0,R B2 R2 B D2 B R2 D' B D2 B2
47156231332313,8762715,0,R B' D' R D2 R D' B' D B2 D2
17425631322113,8759858,0,R D R2 B' R B' D R D R' D2
24351761212232,8759608,0,R B D' B' R B' D2 R2 B' D' B2
37642513122221,8752010,0,R B2 R' B D' B D2 B2 R2 D' R'
32475161232323,8750572,0,R B R2 D2 B R2 B R D' B R
12357461111222,8750216,0,R B' R2 D B2 D' B2 D' R' D R2
43576211123222,8748279,0,R B2 R D B2 D R' D' B2 R2 D'
71435262222122,8748179,0,R B R D' B2 R' B R' D R' D'
23176453332233,8747508,0,R B D' R D' R2 D B R2 D' R
52743613121111,8746329,0,R B' D B R2 D' B R' B R2 B'
35172461232323,8744513,0,R B R2 D' B' D2 B' R' B2 D B
15672341113232,8739474,0,R B' D' B2 R D' B' R B' R2 B'
47152631322131,8738969,0,R B2 R2 B' R B' R D2 R D R2
52341672323222,8733788,0,R B' R' D R' B' D R B2 R2 B
76541233331333,8732656,0,R B D2 B2 D' B' R2 D B2 D' B2
74653213133222,8726688,0,R B D' R2 B D' R D B' R2 B'
21365742312323,8723648,0,R D R' B R2 D R' B' D' B2 D'
16345273122323,8723130,0,R B' D B' D2 R B D2 R' B R'
14536273311311,8720713,0,R B D2 B2 R D' B' D B2 R B
67412531131133,8720693,0,R B D2 B2 R B' R' B D2 R D
54716321112323,8716502,0,R B D' B2 D B' R B D2 R2 B'
12637451132111,8715189,0,R D R' D2 R B' D B R2 D2 B2
73654211111132,8714789,0,R B R2 B' R2 D2 B D B' D R
13247563212131,8713521,0,R B R' B2 D2 B' D' B D' R D'
54317621111222,8712321,0,R B D R' D2 B2 R D' R' B D2
41756233121231,8711672,0,R B2 R B D2 B R' D' R2 B2 D'
53721463223312,8711007,0,R B2 R B2 R2 B R2 D R2 D2 B
12765433331333,8709062,0,R B D2 B2 D' B' R2 D B2 D' R2
76154323333112,8707043,0,R B2 D2 R' B' R D' B2 R2 D R
36147251211131,8698742,0,R B' D R D2 B' D R' D R2 D'
67345213111133,8698582,0,R B2 D2 R2 B' R D' R D2 B' R
54712361323313,8697663,0,R B2 D2 R' D' R D' B2 R2 D B
54621372211121,8697662,0,R B' R D R2 B2 D R B2 R2 D'
71362453113311,8697147,0,R B R' D' R D R' B R2 B' R
52741362313211,8695443,0,R B D R2 D B2 D R' D2 B2 R'
23165471111111,8695059,0,R B R' D R' B R2 B2 R D' B'
21375463333211,8693899,0,R B' R D' R2 D' B' R' D B2 R
56274132331133,8691901,0,R B R D B2 R D' B2 R2 D' B
46157321331233,8689681,0,R B D' R' B R' D2 B2 R' D' R2
15637423211123,8689166,0,R B R2 B' D B' D R2 D' R2 D
31247651323232,8683300,0,R B' D2 B D' B D2 R' B2 R B2
53762143222331,8681356,0,R B D' B' D B R' B2 D2 B D2
14327653121213,8679949,0,R B2 R' D2 B D B2 D2 B' R' D2
75132463233233,8675263,0,R B R2 D2 B' R D' R' B2 D2 R
73645122222311,8674786,0,R B D B D R' D2 B D2 B R2
26513471122121,8674154,0,R B2 R D' B2 R' B' R' D2 R' B
12357462211112,8672494,0,R B' R B R2 B2 D2 R' D' R D2
67342512222113,8670726,0,R B R' B R B' D2 R D' B R'
45367213111133,8669623,0,R B2 D2 R2 B D B' R2 D R' D
23147651112323,8666690,0,R B D B2 R2 D B' D' R B2 D2
16753241221112,8662243,0,R B D' R B' D2 B R' B' R' D'
16423572112121,8661840,0,R B D2 B2 R D' B D' R B R2
34125672131312,8661156,0,R B2 R' B2 D B D2 B2 D' R' D2
24763151111111,8660169,0,R B R' B2 R D' R D' B2 D2 R2
13267541232212,8658202,0,R B R D' B R' D B2 D R D
15724631111111,8655840,0,R B R D2 R2 D R B' D R' B'
37641252222323,8655336,0,R B2 D2 R B2 R B' D' R' D2 R'
41725633211111,8655222,0,R B' D B' D2 B R2 D' R D B
32761452122222,8650027,0,R B2 R' B2 D B R2 B2 R' B' D2
74532163123223,8649588,0,R B2 R' D R' D B2 D2 R2 B' R'
21345762313223,8645465,0,R B D2 R' B R D2 B2 R D' R'
54276132233312,8645056,0,R B2 R' B R' B2 D' B R' D2 R2
16534273211111,8643904,0,R B' D2 B' D B2 D R2 B D B2
17426531313131,8641104,0,R B2 R D B' R B D B2 R D2
72513641233322,8637720,0,R B' R2 B R' D B2 R' D2 R D2
12563473131212,8636448,0,R B2 R' B R' B2 R D2 B' R D'
54612733322213,8634238,0,R B2 R' D R' B2 D' R B' D2 B2
26135742332312,8634047,0,R B' R2 B' R' D2 R' B D B2 R2
64275133312211,8630690,0,R B D2 R' B D B2 R2 D R' B'
34517622231323,8629297,0,R B2 D2 R D2 R B' R' B' D2 B'
52341672211112,8626081,0,R B2 D' R2 D' B D' B' D2 B R2
23157461231333,8624794,0,R B R' D2 B' R D R' B2 D2 R2
23164573213133,8623771,0,R B R B2 R D' R D' R B R
63741522123131,8622242,0,R B R D2 R B R2 B' R' D2 B
36521472113321,8621848,0,R B D2 R B2 D' B' R' D2 R' B'
54376211113133,8617112,0,R B2 D B2 D' B R' D B' D' R'
25163741112323,8612687,0,R B R2 B2 D2 R' B' D R' B R2
57123461111111,8610812,0,R B R' D2 R B2 D' R D R B'
17426531121212,8610670,0,R B2 R D B2 R' B2 D R D B'
47126532133133,8610192,0,R B D' R2 B2 R' B' D B' D B'
17324561211323,8610126,0,R D2 R B' D B R2 D' R B R2
34275162213221,8608872,0,R B' R B' R2 B' R' D' R D2 B
76543211212112,8607739,0,R B' D B2 R B2 R' B D' B2 D2
72163453133333,8606858,0,R B2 R2 D' R B' R' D R2 B' R'
14735621323112,8605529,0,R D R2 B' R D' B R D R' B2
34175263321232,8605207,0,R B2 R' B D2 R' B D B D' R2
37614522113321,8597516,0,R B' R2 D2 B' D B' D2 R B' D2
67341252222323,8597154,0,R B D2 R2 B' R B R' B R2 D
51426731111111,8595026,0,R B D R2 D R' B' D R' B2 R2
35426713111313,8591158,0,R B2 R B2 R2 D B' R B2 R D2
65241371111111,8590091,0,R B2 R B' D R D2 B' R D R2
71463523331222,8583842,0,R B D2 R2 B' R B' D' B2 R2 D
25736411331113,8573613,0,R B' R B D2 R' D2 B R D2 R'
26543171111111,8572616,0,R B R' B2 R D' R D R2 B2 D2
32465173233221,8571851,0,R D R D' R D' B' R2 D2 B' R
74561232221111,8569060,0,R B' R2 B' R D2 B2 R B' D2 R
54371261113331,8567023,0,R B R2 B2 D B' D2 R D R2 B2
32751643321232,8564779,0,R B D B' R2 D2 B R' D' R D2
47165322232133,8560140,0,R B R D2 R2 D B R B' R2 B'
65271432231233,8556803,0,R B R B' D R' D R2 D B D
65132471323121,8556180,0,R B' D' B D2 B R' B' R D2 R2
76354123313333,8554844,0,R B2 R2 D B' D B' R2 B D2 R2
64321572311132,8553361,0,R B' R2 B D R2 B2 D R B R2
57364212313211,8548370,0,R B R D2 R B2 R B' R2 D2 B'
41723562313211,8548031,0,R B R' B R2 D R' D' B' D2 B'
63471522123131,8547411,0,R B' R' B' R D2 R' D2 R' D R
16745232121313,8546393,0,R B2 R B' D B2 D' B2 R D' B'
67321453113311,8546247,0,R B2 R' D' R' D B2 D B2 D' R2
52341671122211,8545118,0,R B2 D' R2 D' R D' B' R2 B R2
23174652123131,8543891,0,R B R2 B' R D2 B' R' D2 R B'
36527412211322,8543849,0,R B2 D' B' R D' R B2 D' B R'
63742511232221,8542057,0,R B R2 D2 B' D B' R' D2 B2 R
45367211211122,8541110,0,R B2 D2 R2 B D' B R2 D' B D'
47156233233113,8539859,0,R B' R' D R2 D R' B' D B2 D2
75416323232213,8539465,0,R B R2 B' D2 B D' B R B' D2
76345122311111,8537576,0,R B2 D2 R2 D R D B' R D' R2
42613572313211,8536223,0,R B R' B2 R' D' B' R D2 B R'
27456133132223,8536151,0,R B R' B' D B R2 D2 B2 D' B
31257643311122,8532764,0,R B D2 B' D B' R B2 R' D2 R
76143253131212,8531785,0,R B2 R D' R B2 R' D2 B D' B'
71462532121112,8531730,0,R B2 R B R2 D' B2 R D B R'
45673213211222,8530128,0,R B D2 R2 B' D B' D' B2 R2 D
74132562121121,8529151,0,R B2 D B2 D R B D R2 D B'
73652413211312,8526398,0,R B R' B R' B D' B2 D B2 R'
72146352232223,8525085,0,R B R2 B' R2 B R' D R B' D2
76354212313322,8524033,0,R B' R B2 D' B' D B' R2 B D'
47632153212311,8522139,0,R B' D2 B' R B2 R B2 D B R2
54612732112223,8521250,0,R B2 R' B D' R2 B' D B' D2 B2
35462173131311,8519596,0,R B2 R D2 R2 B D' B R2 B D2
14325673311131,8518997,0,R B2 D' R' D B2 D B D2 R2 D
36547213331333,8517964,0,R B2 R' B D' R2 D B2 R' D R'
75241632222323,8513912,0,R B D2 B2 R B' R2 D B D2 R2
47652132231323,8512880,0,R B R2 D2 B2 D' R D' R' D B
21354672311123,8507543,0,R B' D2 R D2 R' D B' D2 B' D
26153471122121,8501783,0,R B2 D' R' B2 R D2 B' D R B2
51724362122222,8500450,0,R B D' B2 D B R2 B R' B' D
14725361111111,8498232,0,R B R B' D R' D B2 D2 B D'
31265471122133,8497881,0,R B2 D R' B D R2 B' R D' R'
51324763113332,8493929,0,R B R' B' D B D' B2 R2 B R2
12347651122112,8491307,0,R B' D R2 B R2 B' D B' D2 B2
56432713122122,8489720,0,R B2 R' D B' R2 D' R B' R2 B2
16723451122133,8487035,0,R B R' D2 B2 R' D B' D' R B2
35476122221111,8485056,0,R B R' D B2 R' B R' B2 D2 R
53642171111111,8478609,0,R B R' B2 R D' R D R2 B2 D'
76354121313131,8478310,0,R B D R B D' R' B D2 R' D
52376413222223,8475620,0,R B R' D' R B D2 R2 B2 R' B
34167252213323,8472095,0,R B R' D' R B D2 R2 B2 D R
36527412131222,8466586,0,R B' R' D R' B' R D2 B' D2 B
53476121323322,8466027,0,R D R2 D2 B' R B2 R' D B2 D'
76345122211121,8463098,0,R B2 R2 B' R' D B2 R' D B D2
37614523232213,8463069,0,R B' R D' B R D' B R B' D'
56347212123233,8462149,0,R B2 D' R B2 R' B' R B' D2 B2
12376542121232,8461495,0,R B2 R B D2 R' B2 D B R B'
16574231113133,8461495,0,R B R2 D2 B2 D' B R' D' R D
41657321222312,8456319,0,R B R' B R' D B2 D R' D B2
76341253221212,8453083,0,R B' R' B D' R' B D2 R' B2 R
67354121111111,8448977,0,R B R B2 R B R2 B R B R'
41563273113311,8446287,0,R B R2 B2 D R' D' B D2 R B
76312453311311,8441691,0,R B2 R' B' R' D R2 D R2 D' R2
73645211231111,8440407,0,R B' D R2 D' R D' B R2 D2 B2
65174232323312,8439715,0,R B2 R' B D2 R' B' D' B2 R D
46123571111111,8432329,0,R B R' B2 R D' R D' R2 B2 D2
76213543311332,8432098,0,R B D' B R' B R' D2 R B2 D'
17426531132312,8430513,0,R B2 D' B R2 B2 R' B D2 R' B2
32561471113133,8429306,0,R B' R B' D2 R D R2 B' R B'
13254763323122,8428211,0,R D R' B' D' B' R2 D R' D2 R
76143252221222,8426370,0,R B2 R B' R B2 R' D2 B D' R'
72541631111312,8423670,0,R B' R B R2 D' R D' B D2 B'
13245671321111,8422641,0,R D R' B D2 R D' R' B' D2 B'
35461271111231,8421321,0,R B' D2 B R' D R2 B' D2 B R2
63472512123332,8421307,0,R B R B2 R' D B2 R' B2 R B'
14726532232313,8419899,0,R B2 D B D2 R2 B D' B D2 B'
16523741112212,8419836,0,R B R D2 R2 B' R D2 R' D2 R2
36745212123323,8419502,0,R B2 D' R' D B' R B2 D' R B'
12357461113331,8419295,0,R B2 D2 R D2 R D' R' B' D2 B'
24615732213311,8416971,0,R B R2 D' B R D2 B2 R B' R'
36714523132223,8416609,0,R B2 R B' D2 R B D2 R' B' D
34516271111111,8414975,0,R B D B' D2 B' D' R' B R2 D'
13246572321332,8413177,0,R B2 D R2 D R D B R2 B R'
16543721111111,8412530,0,R B D R2 D R' B' D R' B2 D
14573261333111,8409344,0,R B D2 R D' B R2 B2 D' R' B
67354212111221,8407978,0,R B2 R' B R2 D' B' R' D2 B D
17364251231231,8406990,0,R B2 D' B2 D R D2 B2 R' B' R2
36145272131312,8404241,0,R B D2 R' D B R B2 R2 D' B
63142571111111,8403222,0,R B R' D' B R2 B R B' R2 B2
12765432121313,8402476,0,R B D2 B2 D' B' D2 R B2 R' D2
71462533221113,8401483,0,R B2 D' B D2 B2 D' R D2 B' R2
31264572122213,8400219,0,R B D' R2 D' B D B R2 B2 R
25741632222323,8398429,0,R B2 D B2 D' R D' R B' R' D'
46523711331332,8391097,0,R B R2 B' D B' D R' B D B2
14523672121313,8390646,0,R B D2 B2 D' B' D2 R B2 R' B2
65174233323212,8388450,0,R B2 R' D B2 R' B' D' R2 B D
47321651311133,8386681,0,R B R B R2 D' B2 D R2 B' D'
34172562132332,8384421,0,R B2 R D' B D' B' R2 B' R2 D2
76354123211123,8384406,0,R B2 R D B2 D' R' B2 D B D'
27134561131133,8383765,0,R B R' B' D R D' R D2 R' B
14762351221331,8381386,0,R D R2 D' R' B2 D B' R B D'
47156233211132,8379138,0,R B' R2 D R2 D' R B' D2 B' R
65271341332331,8378221,0,R B R2 D2 B R' B D' B R' B'
45612371133221,8377632,0,R D R' B2 R B R' B D' B D2
54362171113133,8375320,0,R B R B D' B2 D R' B R' D'
37624513131323,8371896,0,R B D R B2 D2 R2 D B2 D' B2
73125463133132,8371205,0,R B R' B2 D B' R B D' B2 D'
45321671212211,8369171,0,R B D' B' D' R D2 B' D R2 D'
72165432211112,8368506,0,R B2 R' D2 R D' R' D B2 R D2
15426371111111,8368160,0,R B D R2 D R' B' D R' D2 B2
45321671221121,8367490,0,R B' R B R2 D2 B R D2 R2 B'
52314761322122,8364944,0,R B2 R2 B D2 B' D2 R D' R2 D2
47265312131312,8363783,0,R B D B2 D' B' R2 D B' R' D'
13462571111111,8363770,0,R B D R2 D R' B' D' B2 D2 R
72345613333331,8363464,0,R B' D' R D' B' R B2 D' B2 D
24516732233111,8361583,0,R B D R2 D R' B' D R' B2 R'
31264752132122,8361395,0,R B2 R D' R B' R' B2 R' B2 D2
36147251131211,8360283,0,R B2 D2 R' B R B2 R2 D B D
16524731112233,8358864,0,R B' R' B2 D B' D' R D' R2 D'
74325613133333,8357117,0,R B D2 R' D R B R2 B2 D' B
63741252222323,8356004,0,R B2 D B2 D' R D' R B' R' D
12375641113112,8354478,0,R D R' B2 R' D' R' D B2 R D'
74561233111112,8354190,0,R B2 D' R' B2 D B D2 B2 D' R'
15624732133313,8350425,0,R B D2 R2 B R' B D R' B2 R'
45673212212132,8350221,0,R B R' D2 B2 D' R' D B' R B'
32164572232223,8350009,0,R B' R B' D R D' B D B' D'
14625731131121,8348518,0,R B' D' B' D R2 B' R2 B R' D
51724363121213,8347311,0,R B D' R2 D B R2 B D' B' D
14765231111312,8347147,0,R B' R D R' B2 D B2 D B' R
26135742213323,8346125,0,R B R' B D R2 B' D R B2 R'
35462171212121,8345806,0,R B D B2 R' B2 D B R2 B R'
24536713231232,8340685,0,R B R D2 B D2 B2 D R' B2 D2
26715433231322,8340633,0,R B D' R B D2 B2 D' B' D2 R
32156742313223,8338090,0,R B2 D' B D' R D2 R D R' D2
76514321112323,8335867,0,R B D B2 D B' D' R D' R2 D2
76341251112131,8334974,0,R B2 D' B' R2 D B D2 B2 D' R'
32164572232313,8334015,0,R B' R D' R B2 D' R' B D2 B'
31456722111221,8332529,0,R B D R B' D2 R2 D' B2 R' B
25714632223331,8330947,0,R B' R2 D R2 D' B R' D2 R' D
75264311223122,8330025,0,R B2 R2 B R2 B D2 R' D B2 D2
76345123311113,8323795,0,R B2 R2 B' R D' R2 B R' B' D2
43675211221331,8322758,0,R B D R B D' R2 B R2 B D2
71432561232323,8321223,0,R B' R B2 R' D2 B R' D' B' R
32546713323212,8320957,0,R B D B D' R2 B2 R' B2 D' B
25463713212332,8318695,0,R B R' B' D2 B' D' B2 R B2 R'
21364753212212,8316706,0,R B R D B D' B2 R B2 R B2
71532463221332,8314229,0,R B R D2 R D' R B' D B D
46125731333123,8313951,0,R B D R' D B D2 R' D R B2
46375213123121,8311277,0,R B' D2 R D' R' D B D' R B2
13527461211113,8308906,0,R B' D' B D2 R' B D R D' R2
67354211212121,8306794,0,R B R' B2 R D' B2 R D B D2
64271533221212,8306154,0,R B2 D' R2 B D' R' B D' R D'
36721452121322,8305381,0,R B2 D' B R D' B R' D2 R' B
12354763131131,8301019,0,R B2 R B2 R2 D R' D R2 D R2
36125473232222,8300876,0,R B2 D' B' R D2 R B R2 D2 R
34725611212211,8300201,0,R B2 D2 B D2 B R' D R2 D' R
31264573222223,8300155,0,R B2 R D' B2 R B R2 D' B' D
52147631131211,8299805,0,R B2 D B' D B' R2 B D' B' R
36721452122213,8299218,0,R B2 D2 B R B2 R D R2 D' R
41725631211122,8294084,0,R B2 R' D R' D2 B2 R' D' R2 B'
74163251121122,8292943,0,R B2 D2 B D2 B D' B D2 B' R
75213642223133,8291899,0,R B D2 B' R B' R D2 R' B2 R
13254761322233,8289854,0,R B' R' D2 B D' R' B D' R2 D'
32761453133333,8287167,0,R B D2 B2 D R D R' B2 R' B
73456123231322,8286007,0,R B R D B' D2 B R' B R' B'
76143252131312,8285572,0,R B D2 B2 D R B D' R2 D' B
34725612231212,8285409,0,R B2 D2 B R D2 R D R2 D' B
14527632212111,8285113,0,R B2 D2 B R2 B R' D B2 D' R
76325412231212,8284784,0,R B2 D2 B D B2 D B R2 B' R
32456173212332,8283880,0,R B D B D2 R B' D2 R2 B' D
32745612313322,8282972,0,R B R2 D B2 R' D' B' D2 B' R'
73625143333313,8282757,0,R B R' B D2 B R2 D' B R' D'
21654372231323,8282477,0,R B2 D R2 D' R D' B D' B' D'
74163252131111,8282354,0,R B2 D2 R2 D' B' R B' R2 B D
25716433223213,8279751,0,R B2 R2 B' D B' R B2 R B D2
13576241321321,8279457,0,R B R' D B R' B2 D R' B D'
12753462231323,8277197,0,R B R2 B2 D R' D2 B R D2 B2
35472163231322,8276632,0,R B2 R' B D2 R' B D B D' R'
12347561112212,8276163,0,R B D' R D R2 D2 B' R' B D2
36714522122213,8275822,0,R B D' B2 D' B R D R2 D2 R
12745633131131,8275690,0,R B2 D' B' D B2 D R B2 D2 B
54123673233323,8275311,0,R B' R D R2 B' D R' B R2 B'
72365413331333,8272794,0,R B2 R D' B D2 B' D2 R D' B'
76325411331311,8271157,0,R B' D R' B2 D B R2 D' R D'
64275311112332,8270167,0,R B2 R2 B R' B2 D R2 D B2 D2
74125633332323,8269384,0,R B2 D' B' D2 R B R2 B2 R' D'
16524731113133,8268133,0,R B2 R B' D2 R2 D' B R D2 R
34725612121322,8267087,0,R B2 D' R D R' D B' D2 B' R
14752631112311,8264215,0,R B' R B' D2 B D2 R' D R B
71462532111212,8264137,0,R B D R' D2 B D' B2 R2 D R'
54376211111132,8262663,0,R B2 R2 D2 B' R B D' B D' R2
27634511131133,8260812,0,R B2 R' D' B' R D2 R B2 R' B2
43615272113321,8259843,0,R B R2 B' D2 R2 B R B' R D2
25734162221111,8259762,0,R B R2 B2 R B2 D R2 D2 B R'
43512671313332,8259556,0,R B R' D R' D2 R B R2 D' B
17643251122112,8259079,0,R B R' B R' D2 R B' D' B' D'
71432563232213,8257812,0,R B2 D B R2 D2 B D' R B2 R'
23167541233322,8257459,0,R B2 D' B2 R D' B' D R' D R'
71345262132131,8257330,0,R D B2 R' D2 R' D B' D2 R2 D
31572461122133,8255639,0,R B R2 D2 B R2 B R D' B R2
36714523132322,8255532,0,R B2 R B D' R B R B2 D B2
52163471112122,8254733,0,R B2 R' D' R2 B2 D R B R' B2
12365741113331,8254442,0,R B D' B R D2 R2 D' R' B2 D
12347652123233,8250940,0,R B2 R' D2 R B' R' D R2 B D2
71423563213232,8249077,0,R B R' D2 R' D R2 B' D2 B R'
36752143133222,8246550,0,R B' R' B' R2 D B D R' D' B
76342511111321,8246417,0,R B' D B2 D' B2 R B' D' R' D
27516341111111,8245344,0,R B R B2 R B2 R B R B2 D2
71426353312211,8242161,0,R B2 R D R2 D' R' B2 D B R
76312542321212,8241900,0,R B D B' R2 D B' D2 R2 B R'
62531472321233,8240295,0,R B D' B D R2 D2 B' D' R D2
61543271112311,8238567,0,R B' R2 B' D B2 D B2 R D B2
76325412333233,8237420,0,R B2 D2 B R2 B D' R B2 R' B
13546271321321,8236375,0,R B' R' B2 R D' R2 B D2 B' D2
31256471231222,8236139,0,R B R B2 D B2 D2 B R' B2 D2
47132562311111,8235021,0,R B2 R B2 R' B2 R B2 D2 R2 D'
41726352313322,8233821,0,R B R2 D2 B R' B' R' D2 R2 B'
43572612312323,8233800,0,R B2 R' D2 R D' B D' B2 D R
61234572231323,8233755,0,R B2 D R2 D' R D' B D' B' D
27536412332312,8232084,0,R B2 R2 B' D R' D R2 D B D2
21354761133311,8231887,0,R B2 R2 B' R B' R2 D B' R' D2
16725432211121,8230543,0,R B2 R' D R' D R2 B' D' R D'
23164752131312,8228047,0,R B D R2 B2 D B' D B' R D'
23176452132221,8222892,0,R B2 R2 B' R D' R D2 R B D2
26437512122312,8222105,0,R B2 D' R2 B D' B' R D' R D'
74163253121111,8221656,0,R B' R D R2 B' R' B D2 B' R'
53476121323112,8219986,0,R D R2 D2 B' D B2 D' B R2 B'
54367122311111,8218265,0,R B2 R' B2 D2 R' D2 R' D' R2 D2
35462172213311,8218165,0,R B2 D' R B' D R2 D R B' D2
12347653111133,8215568,0,R B2 R2 D B D2 B D' R' D2 B
76341252323333,8215309,0,R B2 R' D B' D R2 B' R' B D'
15463271313113,8214136,0,R B R2 D R' D R2 D2 B' R' B
35426713312211,8212057,0,R B2 D' R D' R D2 R B R' D2
16527341111111,8210720,0,R B D R2 D B2 D R B R2 D2
14652733321331,8210644,0,R B R B D2 R D' B2 R2 D' R
47132652233321,8210559,0,R B2 R' D2 R B' D B' D2 B R
74265312333233,8210503,0,R B D2 B' D2 R D' R2 D B D'
12364751113133,8208113,0,R B2 R' D R2 B' R D R D' B'
23165472111122,8207416,0,R B2 R2 B' D2 B D B' R2 D B'
34165271121311,8207344,0,R B2 D' R' D2 B D B2 D2 B' R'
62135743222331,8205465,0,R B R' B' R D' R2 B2 D' B' R2
54367121113211,8205180,0,R B D' B2 R2 D' R' B R' B R
35462173221221,8204392,0,R B' R' D' B2 R B R B' D' B
27534161111111,8203065,0,R B R B2 R D' B' R B' R2 D
76354122112121,8201241,0,R B D' R B R2 B R' D2 B D2
67321451311133,8195857,0,R B D' B' R D' R B2 D' R' D2
24315762213323,8195544,0,R B R' D R B2 D' R D R2 D'
65174322313211,8195189,0,R B R B2 R B2 R B' D2 R2 B'
74312652333332,8194663,0,R B R2 B2 D B' D B' D R B2
72541631113121,8192874,0,R B2 D2 R' D B R2 B2 D R B
12365471211122,8190587,0,R B2 D B' D2 R' D R D' R D
14527631211131,8189621,0,R B' R B R2 D' B' D B2 D' R'
26453711333333,8189412,0,R B2 R2 B R' D2 B R2 B D2 B2
51742632323231,8186525,0,R B2 R' B2 D2 R' B2 R' D' B2 D2
42573612323231,8184167,0,R B2 R B2 R' B2 D2 R' B2 R2 D'
14625732233111,8183981,0,R B2 R D' B R D2 B' D R B
72165433233323,8183859,0,R B' R B R' B2 D R2 D R' D
56741232111113,8183653,0,R B2 D2 R' D R B2 R2 D R D
24153672321233,8183610,0,R B R B2 R2 D' B R2 B' D2 B2
15724632323231,8183074,0,R B2 D2 R2 D R B R' B D' B2
65423713321322,8182426,0,R B R2 D2 B2 D' R D' R B2 R'
54367123311113,8182102,0,R B D2 B2 R B' R B' R D R
21374653333121,8181725,0,R B2 R D R2 D R' B' R2 D2 B'
54362711323112,8181319,0,R D R' D' R D' B R2 D2 B' R
14726531232122,8178580,0,R B' R2 D2 B' R D' B2 R D' R2
56247132333233,8178380,0,R B D' R' D' R D2 B' D B2 D'
17246351111111,8177167,0,R B R B2 R D' B' R B' D2 R2
67345211211122,8177123,0,R B2 R2 D2 R' D R D2 R2 B2 R'
13725642332132,8176043,0,R D B2 R' D2 R' B R' D2 B2 D
15734622331223,8175911,0,R B R B D B' D2 R B2 R B2
56423172112121,8174951,0,R B2 D2 R2 B R' D B2 R' D B'
45613271331221,8174893,0,R B R' B2 R' B D2 R' D2 R B'
21354761113211,8172907,0,R B2 D2 R2 D B R B' R D' B2
32561471122211,8172412,0,R B2 R' B2 R D' R' B D2 R D2
23167542131222,8169945,0,R B2 D' B2 R D' R' B R' B D'
24561372111131,8168341,0,R B' D2 B R' B R B2 D' B R
12357641113331,8167164,0,R B R2 B2 D B' D2 R D B2 R2
14726531223122,8166279,0,R B' D2 R2 B' D B' R2 D B' R2
37624513231313,8163692,0,R B R2 B' D B2 D' B R D2 B'
24651731113223,8162232,0,R B D' B D' B D2 B2 D R D
14327652131213,8160444,0,R B D2 R' D' B2 D R D2 R D'
16374521112323,8160434,0,R B D B2 D B' D' R D' B2 R2
17462352213311,8158898,0,R B2 R B D2 B' R' B2 D R B
54721631122121,8152894,0,R B2 D' R D2 R' D' B R' B2 R2
25436712123332,8152891,0,R B2 R2 B' R2 B D R' B2 D B'
17642531111111,8152312,0,R B R B2 R D' B' R' D2 R2 B
14527632122213,8152001,0,R B2 D2 B D R2 D R D2 R' B
32615473332122,8151290,0,R D R2 B' D2 B' D R' B2 D2 B
32741652111113,8150413,0,R B2 D B' R D' R2 D R' B' R
32765413231223,8147610,0,R B2 D' R' B D2 B D B2 R2 B
37452162323312,8146822,0,R B R D B' D2 R2 D' R2 B' R
46321752111131,8146341,0,R B' D2 B D' R B R2 D' B R
56132472333332,8146324,0,R B2 D2 R2 B D' R B2 D' B R'
35246171111111,8146296,0,R B R B2 R D' B' R B' R2 B2
32741653111112,8140234,0,R B2 R2 D2 B D' B R' D2 R D'
32761452121313,8138649,0,R B R' B2 D R2 D' B D' R2 D'
73625412222323,8137616,0,R B D2 B2 R B' R2 D B R2 D2
32145671221112,8137164,0,R B' R D2 B R2 B' R B' D2 B2
56712343211123,8136685,0,R B2 R' B R2 B' D R2 B' R' B
32164572233321,8136121,0,R B' D2 R B D2 B R2 B D' B2
65134721233232,8135802,0,R B2 D' R2 D R B2 D2 R' B' R2
56347212232223,8134797,0,R B2 R D B2 D' R2 D B' R' D2
34275161312213,8134148,0,R B R B2 R D' B' R B' R2 B'
16345271222111,8133777,0,R B' R B2 D R2 D' B D' B2 D2
23156471222132,8129064,0,R B2 R' D R2 B' R' D' R2 B R
36752142122132,8127233,0,R B2 R2 D R' B D' R2 D B2 R2
15724632323333,8125936,0,R B2 R2 B' D' R B2 D' B R D2
54312672212111,8124636,0,R B R' D' R' D R2 B' D B2 D'
35162473332122,8123519,0,R B' R B2 R D R D' R D2 R'
76342512232223,8123282,0,R B2 D R D2 B2 R D' R D2 R'
14356721112323,8119402,0,R B D B2 D B' D' R' B2 R2 D
31257462312311,8118643,0,R B2 R2 D2 B' D' R D' R2 D B'
34125672221222,8117969,0,R B R2 D2 R' D' B' D B2 R' D
23456173233122,8116064,0,R B' D R D2 B2 R B D2 B2 R'
72365413131212,8114926,0,R B R2 D2 R' B' D' B D2 R' D
71542633132322,8112297,0,R B R2 D' R2 D R2 B' D B R'
27435612122222,8110556,0,R B R D2 B2 R D' B D' B D'
76541233121213,8109363,0,R B R2 D' R D B R2 B2 D' B
61274532231323,8109163,0,R B R2 D2 B' R D B' R B2 D
32761452222212,8106029,0,R B D2 R' D' R2 D B D2 B D'
35426712131132,8101079,0,R B2 R2 D B' R D' R2 D R2 B2
25736411231321,8100713,0,R B2 R' D' B R2 D' B' R' D B2
56423173133111,8099002,0,R B2 D2 R2 B R D' R2 B R' B
76215341231231,8097758,0,R B R D' R B2 D' R2 D B R2
31564273113311,8097349,0,R B D B' R B R2 B2 D' B' R
16537421113331,8095242,0,R B D2 B D R' B2 D R D B'
14763521113211,8094831,0,R B2 R B2 D2 R B2 R' B2 R2 D'
32145671123333,8092073,0,R B2 R' B R2 D' R' D' B R' B'
14736523112222,8089733,0,R B2 R D' R2 B R D2 B' D' R
67321542232133,8087801,0,R B D B2 R' B' R2 B D R2 D
56741233111112,8087132,0,R B2 R2 D2 B D' B R' D2 R D
76315241112113,8081098,0,R B' R D2 R' D R' B R2 D2 B2
14752633223231,8080581,0,R D R B' D R' B' D2 R2 B' D
31264573132313,8080075,0,R B R B' D2 B R' D' B2 D2 R'
23165472132332,8077948,0,R B' R B' R2 B R' D R B2 D'
12645371131121,8076493,0,R B' D2 R' B R B D2 B R' B'
14527631311121,8076348,0,R B2 D2 R2 D' R' D R' B2 R B
62543711211113,8075825,0,R B2 D' B' R' D2 B D' R2 D' R2
32145671333333,8074769,0,R B2 D' B D R' B R' D2 R' D
71453262222221,8074234,0,R B2 R' D B D R' D2 B D' B'
76321543311131,8073905,0,R B D B2 D' B R2 D' R2 D B2
36721453113113,8071093,0,R B' R D' B2 R D R2 B' R D'
45367211111132,8070201,0,R B2 R' D' B2 R D' R2 D B' D2
37652143231322,8069904,0,R B2 R D' B2 R2 B' R D R2 D
25436712132122,8067442,0,R B' R D2 B' D' B D' R2 D R'
62135471122121,8066752,0,R B2 R2 B' D' B R2 D' B D B2
57246131112233,8066751,0,R B D2 B2 R' D R' D' R B2 D'
13647521111111,8064928,0,R B R D B2 D R' B' R' B2 R2
35617423131332,8064647,0,R B2 R2 D2 B' R' B D' B2 D B'
23756143222331,8062580,0,R B' D B D2 B' R D2 B' D2 B
53126471321321,8059895,0,R B' R' B2 R D R2 B' R2 B D2
62135473131131,8059465,0,R B2 R2 B' D B' R2 D R' D' B2
32567412122222,8059436,0,R B R2 D' R B R B2 R2 D' R
67345211311133,8058211,0,R B2 R B' R2 B' R2 D B2 D' B
14736521221313,8054224,0,R B2 D' R D2 R2 D' B D2 R' D2
63452711311313,8049409,0,R B2 D2 R2 B R B' R2 D B' R
41325671212211,8048700,0,R B D2 B' R2 D R' D2 R B D'
54376121322233,8048520,0,R B D2 B2 R' B R' D' B R2 D'
72516342313223,8046301,0,R B2 R B R2 B' D' B2 R B R
14736521132222,8045604,0,R B2 R D R' B R D B2 R B2
54721633313321,8045388,0,R B2 R D' R D' B' R B' R D2
54721632212222,8041897,0,R B2 R2 D R D' R2 D' B' R2 B
57164322131312,8041492,0,R B R' B2 R D R2 D R' B' D
72356141112323,8038058,0,R B R' D2 R B' R B R2 D2 B'
32765411112221,8037256,0,R B2 R' B R' B2 D2 B D' B R2
65174323223123,8035511,0,R B2 D' B' D2 B R2 D' R D R2
54361272223232,8034468,0,R B2 D2 R' B D R2 D2 B R D
67145323133312,8033625,0,R B2 R2 B D' B2 R B2 R B2 R2
14752363233131,8030421,0,R B2 R D2 R2 B R' B R2 B R2
36125473323233,8026910,0,R B2 R' D B' R2 D2 R D' R B2
41735621233232,8025811,0,R B R B' R B2 D' B2 D R B2
74132563132112,8025457,0,R B2 D' R B2 R2 B' R D2 B' D2
47265312122222,8025315,0,R B R B2 R' D' B2 R D' R' D'
63752143223123,8023605,0,R B' R2 B D B2 R2 D2 B D' R'
54167232133313,8023284,0,R B2 R2 D B D' R2 D' R' D2 R
75613243133213,8022154,0,R B2 R' B R D R' D2 B D' R'
21376541131133,8016681,0,R B D R' D R B2 R2 D' R' B
31475261322233,8016301,0,R B2 R' D2 B2 R' B D B' D2 B
52341672232313,8014862,0,R B2 R D R2 D' R2 D R' B' D2
13246573321223,8013940,0,R B2 R B' R2 D B D2 R' D' R
21375462312233,8013836,0,R B R D2 R D' B' D R' D2 R'
16573241123123,8013610,0,R B' R D R2 D2 B2 R' B' R B2
32465173133111,8011634,0,R B2 D2 R2 B' D R' D R2 B' R
23164753333313,8008375,0,R B R D2 R2 B' R B' R2 D2 B'
76341251221121,8007773,0,R B' R2 B' D B2 R2 D B' D2 R
56127433332323,8007077,0,R B2 R2 D2 B D' R B' D2 B R
17526431231321,8006947,0,R B2 R B2 D2 R D2 R' D2 R2 B'
12536741112323,8006003,0,R B R D2 R D' B' D' B2 D2 R
14765231111213,8004084,0,R B2 D2 R2 D' R' B R' B2 R D
71456322111221,8002423,0,R B2 R' D' B' R' D2 B D2 B' R2
76354212312233,8002198,0,R B2 R D' R D R2 B' R B R
72563411113121,7999532,0,R B2 R' D B R B' D R' B2 D
45312761113211,7999292,0,R B2 R' B2 R D2 B2 R' D' B2 D2
32465172112121,7995719,0,R B2 R2 D2 R' B R D2 R2 B2 R'
65432173232321,7993525,0,R B' R2 D' B R B R2 B D' B'
32741651131211,7989405,0,R B2 R' D R B R' D R' D2 B
52761431113121,7989308,0,R B2 D R' D B' R2 B R' B' R
34521672223232,7988067,0,R B2 D R' B D' R2 D B' R' B
72546313323212,7987945,0,R B2 R' B' R' D' R2 B R2 B' R2
45721363321313,7986448,0,R B2 R2 B D' R2 B R2 B R2 B2
74132562122111,7986084,0,R B D2 R' B' D' B2 R D' B2 D
65174233331213,7985743,0,R B D R' B2 D' R D R B2 R2
65132471212112,7984085,0,R B D' R D' R' B R2 D' B' R'
14275633323122,7982037,0,R D R2 B' D2 B' R D' B2 R2 B
12356471113133,7981400,0,R B R2 D2 B' D B D' B D2 R
36147251121311,7980080,0,R B2 R2 D2 B R' D B' D2 B D
67354212311132,7977843,0,R B D2 R2 B R' B R' D2 R B'
31475262333221,7977368,0,R B2 R2 D2 B' D' B D' R2 D R'
54167233331213,7975649,0,R B2 R2 D R B' D2 B' R' B2 R
61534721112311,7975466,0,R B2 R' D2 R' D B' D2 R2 D' B
15672342323312,7974104,0,R B2 R' D' R' D' B2 R B2 R' B2
36241753212311,7972400,0,R B' R2 B' R D2 R D2 B R B2
73651241113322,7971869,0,R B2 R' D2 B2 R' D R D' B2 D
15724631322233,7971831,0,R B2 D2 R' B' D R' D2 B R' B2
35462171131313,7969448,0,R B R D2 B2 D' B' R2 B' D2 B2
72143651131112,7968743,0,R B D' B' D2 B' D2 B D' B' R'
13275461112233,7968157,0,R B2 R' B2 D2 R' D B R' B2 R
32174562231212,7966367,0,R B R' D2 R' B D R B2 R2 B
45376211333123,7964040,0,R B' R2 D2 B D' R2 B D' B' R'
14736251111132,7963639,0,R B2 R D R2 B2 R' D' B2 D R'
12734561112323,7961518,0,R B R D2 R D' B' D R' B2 D2
45167323322231,7957832,0,R B D' R D' B R2 B2 R B D
14725361322332,7953914,0,R B2 D2 R' D' R D' R2 B R' D2
56423171231321,7952393,0,R B2 R2 D2 B' R D B' D B' R2
13675242331313,7950100,0,R B2 R' D R D R' B2 D B' R'
72165433121333,7949225,0,R B2 R2 D2 R D' B2 R B D2 R2
52147631121311,7948873,0,R B2 R2 D2 B R' D B' D2 B D'
54621371133311,7948541,0,R B D' B D2 B' D B' D R D2
76345123311131,7945849,0,R B D B2 D' B' R2 D B2 D' B2
16745232122222,7945260,0,R B R2 B2 R B D B' D2 B' R
34165271311133,7936941,0,R B2 R B2 R2 D' B D R' D2 R
41765231233232,7936786,0,R B2 D B' R' D2 B R2 B D2 B2
16547233332323,7934981,0,R B2 R2 D2 B D' R B' D2 B R'
14736521133131,7933196,0,R B D B D2 R2 B2 R B2 R' D2
73625143121213,7933004,0,R B R B2 D2 R D' B R' B D'
67354213313333,7930945,0,R B D R2 D B2 D B' R' B R2
75246313212311,7922503,0,R B D' R D2 B' D' B D' R2 D2
17463251321231,7922436,0,R B2 R D' R2 B D R D2 B' R2
32157642231323,7919642,0,R B D2 B R B' D2 R B D B'
43651722323132,7917332,0,R B' R2 B R' B D R2 B' D R
32567413131212,7917028,0,R B R2 B2 R' D' B2 R D2 R' D2
25436711311313,7916270,0,R B2 D2 R2 B' D B' R B2 D' B
62135473322321,7914378,0,R B2 D2 R' D' B R' D2 B D' R2
63712542221111,7913146,0,R B R' B D B2 D2 R' B' R D2
61472532123332,7912392,0,R B D R' D R' B D2 B' D2 R'
25436713232321,7912276,0,R B' R' B' D R2 B' R2 B D' R
15642373221323,7910373,0,R B D B D R' D' B R2 D' B
65274131312213,7909981,0,R B2 R B' R D R2 B' R D R
56132473213211,7907451,0,R B2 R D B' D2 B D B2 D2 R'
56132473211111,7907211,0,R B D' B' D' R2 B2 D' R D' B
32576142313223,7906919,0,R B2 R' D R2 D' R D2 B' D' B
14625732112121,7906016,0,R B2 R' B D' B2 R2 D' R' B2 D'
76143253331333,7900732,0,R B R' D2 B R2 B' D R' D2 R'
41625373121213,7898501,0,R B R D2 R' D' R2 B D' R' D'
21354761112233,7895497,0,R B2 D2 R' B' R D' R2 B R' B2
35246172213311,7892476,0,R B2 R' D B2 D' R D2 B' D' R
52147632111113,7890841,0,R B2 R' B R B D' R D' R2 B
67345211111132,7890382,0,R B2 R2 D2 B D' B' D R' D R2
67354212212222,7888021,0,R B D R2 D B D B' R2 D' R2
72541631112131,7886248,0,R B2 R2 D2 B R' B R' D2 R B
62135473132121,7884930,0,R B2 D2 R2 D B D B' R B' R2
52761431112131,7882501,0,R B2 R2 D2 B R' B R' D2 R B'
54327612223232,7880976,0,R B2 R' B D R B' R B' D2 R
41236753232321,7880242,0,R B' R' B R' D2 B' D R D B2
13275463213211,7878962,0,R B2 R2 D2 B' R' D R' D2 R B'
12364753311131,7878609,0,R B D2 R' B R B2 R D' B' R
76315243323323,7878536,0,R B2 D R' D B R2 D' B R' D'
67354213211132,7876271,0,R B2 R' D' R D2 B' D' R' B R2
67321451112311,7874325,0,R B D' R B2 R' B R' D' B R2
16257431132111,7873446,0,R B' R' B D2 R' D R B D' R2
53741621332112,7867540,0,R B' D2 R D' B D' B' D' R D2
32175462233111,7864793,0,R B D2 R' B2 R B R2 B' D2 B
76541232221222,7864201,0,R B R2 B2 R' D' R2 B D2 B' D2
23165471311133,7862500,0,R B2 R B2 R2 D B D R' D2 R'
27453161132111,7862449,0,R B2 D' B' D' B2 R D' B2 D' B2
32157641232323,7861768,0,R B2 R B' D2 R D B D2 R' D2
13246573221233,7861272,0,R B2 R B R' B R B D2 R B2
16345272322232,7859021,0,R B2 D2 R2 D' B' D R' D2 R D
17426532121211,7858876,0,R B R B' R2 D R' B2 D2 R B'
32145673311113,7858504,0,R B2 R D B' R D2 R' B2 D R2
34725613111112,7857880,0,R B2 R2 D2 B' D R' D R2 D' B
14723652331232,7857538,0,R B2 D B' R2 D' R B D' B R
37624512231212,7857182,0,R B R' B2 R' D B D B2 D2 B
52341673232213,7855431,0,R B2 R B D2 B' R2 B R' B' D2
52134761232113,7853189,0,R B D' R' D R2 D B D2 B2 R'
25743611233232,7852782,0,R B2 R D2 R2 B D' B' R D' B
32164572312323,7850745,0,R B' R2 D B R2 B R2 B D' R2
73615423333331,7849720,0,R B2 R' B D B R' D2 B R' D'
65714323223123,7849035,0,R B2 R D' R2 B' R' D' R2 D' R
16745233121213,7848951,0,R B R2 B2 R B R D' B2 D' B
43561271111111,7846414,0,R B R D' B2 D' R' B' R B2 D'
17453262211133,7845912,0,R B R2 B' R D' B R2 B' R2 B
47632153232321,7844704,0,R B' R2 D' B R B R2 B D' B
72345612122111,7843687,0,R B2 D R' B2 D' R B R' D B
41725633111133,7843495,0,R B D R' D B2 D' B2 R B' R
21376541111123,7842415,0,R B D B' R B2 R' B D' R B2
15624732333332,7842316,0,R B R' D B R2 B D' B2 R D2
15642372231332,7841113,0,R B D' B R B2 R B' D2 R B2
25471362323132,7841057,0,R B' R2 B D' B D B2 R' D R
76354212333332,7838090,0,R B2 R' B R' D2 B2 R' B' R2 D'
76523413223231,7833083,0,R B2 D R' D R D2 B' R B R2
32167451213333,7832067,0,R B2 D' R' B D' R B2 D' B D'
34275162112322,7831956,0,R B D2 B' R B2 D2 R B' R D2
76354122212222,7826050,0,R B R2 D2 B R' B R B' D2 B'
71562433123232,7825639,0,R B D B' D2 B' D R2 B R' B
51324671211122,7824872,0,R B R' B' D B' R B2 D2 R' D'
52471631323112,7824618,0,R B' D2 R D' R B' R' D' R B2
43176252311132,7822962,0,R B D' B2 R B D R2 B' R D2
52374161112323,7822822,0,R B R D2 R D' B' D R' D2 R2
75264133331213,7817418,0,R B R2 D2 B D' B R B' R2 B'
32146751232323,7816702,0,R B2 R D B2 D2 B' D R2 B' R'
12467351131121,7814575,0,R B' D2 R' B R B D2 B R' B
14352672212111,7813734,0,R B R2 B' D2 R B' D2 B R D'
12463751231231,7812864,0,R B2 R B2 R2 D R' D' R D' R
64257131113223,7812557,0,R B D B2 R2 D' B R' B' D2 R2
51426733312211,7810018,0,R B2 R' B D2 B' R D2 B' R' B
36147253111112,7808633,0,R B D2 B' R B R2 D' R' B R
12364751112212,7805395,0,R B D2 B D' R D' R' D2 B R'
72365412222212,7805046,0,R B R2 B R D2 R' D' R2 B D'
12376542123212,7804387,0,R B R D' R2 B D' R2 B2 D B'
67312452233321,7804199,0,R B D2 B' D B2 R' B' R2 B R'
14765231112131,7798525,0,R B2 R2 D2 B' R B' R D2 R' D
14527633312133,7796709,0,R B D' B2 R2 D R' B' R B' D
54761233322321,7796666,0,R B D' B2 R2 D' B D' B' D R2
74325613131212,7790667,0,R B R2 B2 R' D' B2 R D2 R' B2
15367423211123,7789160,0,R B D' B R B' D R' B2 R2 D
14736521213333,7788628,0,R B2 R D R2 B' R2 D R B D'
34125672131213,7787060,0,R B R2 B D R2 D' R' D2 B D'
17426532331331,7786803,0,R B2 D R2 D R' B R2 B R B
35426713131113,7785013,0,R B R B2 D' R B R' B D' B'
32156472333332,7783236,0,R B2 R2 D2 R' D B D2 B2 R2 B'
76354212213323,7781411,0,R B D2 B D R2 B D2 B D2 B
74325612221222,7780518,0,R B R2 B2 R' D' R2 B D2 B' R2
14527631121311,7779420,0,R B2 R2 D2 B' R D' R D2 R' B
45312672223331,7778720,0,R B2 R' B' D R2 B' R' D' R D2
54163271133221,7777319,0,R B2 D R' B R D2 B' D R D2
76325411113121,7773612,0,R B2 R2 B D B' D' B R' B' R
34725612322232,7762702,0,R B2 R2 B R' D R B' R D B
13276542323312,7760701,0,R B2 R' D' R' D B2 R' D2 R B2
72165433331213,7759080,0,R B D' B2 R2 D' R D R B2 D2
36721452122321,7758269,0,R B2 R' D R2 B' D' R' D B' R'
71432562111221,7758139,0,R B2 R' D' B' R D2 B' R2 B R2
76325411111213,7757494,0,R B2 R2 B D' R D B' R B R
42751632323231,7753793,0,R B D' R2 B2 D' R' B D' R B
36125471111333,7751266,0,R B D' B D' B2 D' B D R B2
12543671211212,7750298,0,R B2 D R' D2 B' R B D' R B
24615371112332,7750198,0,R B D2 B R' B' R B' D2 R D'
62471532232133,7750107,0,R B R B2 R B D2 B' R' B2 D
13276541321123,7746177,0,R B' D2 R B R2 B D2 B R' D2
12745632111122,7743395,0,R B D2 B R2 B' R2 B R' D' R2
56347213131332,7740820,0,R B2 R2 D B R' D2 R' D' R2 D
16245371231231,7739407,0,R B2 D R' D' B2 R D2 R D2 R2
12347651133311,7739158,0,R B2 R B R' B D2 B' R2 D R2
74523611131112,7738661,0,R B D' B' D2 B' D2 B D' B' R
12347653332323,7738556,0,R B2 R2 D2 B' D B' R B2 R' B
41752632311123,7737566,0,R B2 R' B' R D2 B' R' B' R D2
37516422333311,7735767,0,R B D R2 D2 R D' B R' D B
71423653213232,7734945,0,R B' R' D' R B2 D' B R2 B' D
32561471311121,7734714,0,R B2 R2 B R' B D R' B D R
27634512233321,7734695,0,R B2 R B R2 D2 R' B' D2 B D'
41735263123223,7733197,0,R B D' R2 B D' R' D' B D2 B'
32741651311121,7732432,0,R B D' R2 D' B2 R B' D' B R'
74365211313113,7732028,0,R B2 R' D B D' R2 B2 R B2 R
54721631311133,7730582,0,R B D2 B' R D2 B' R2 B R D2
76342513323212,7729805,0,R B2 R' B' R' D R2 B' D2 B R2
15634722321233,7729314,0,R B D2 B R' B D' B' R2 D R'
74561232111113,7729197,0,R B2 R D' R D R2 B2 R B D2
32167452211121,7727612,0,R B D2 R2 D R2 D' B D R2 B'
76312542322121,7727021,0,R B2 D B2 D R' D B2 D B R
32547611121113,7724017,0,R B D2 B2 D B' D B2 D2 B R'
13276541133122,7721766,0,R B' R2 D B D2 B R2 B R' B2
16357421223113,7720674,0,R B D' R' D' B D2 B' R D' B'
12745633313333,7720133,0,R B D' R' B R' D' B D2 R' D2
65132471222111,7718390,0,R B R' B D' B' D B2 R' D' R'
26153473131131,7715911,0,R B D2 B2 R D' B D' R B R
16275343122221,7713993,0,R B D' B2 R D' R' D' R B2 R'
76543211333333,7713860,0,R B2 D' R B D' B D' B2 D' B
32167453313333,7713146,0,R B D2 B' D' B2 R B' R' B2 D2
75264133121333,7710826,0,R B R D2 R B D' R B2 D B2
63125743133312,7708845,0,R B D2 B D' R' B D' R2 B R'
32145672212222,7708295,0,R B D' R2 B2 D' R D B R2 D2
45721363322231,7707732,0,R B D R2 B2 D' R D' R' D2 B2
63721541233322,7707419,0,R B D' R2 D' R' D' B D2 R' D
46273512122312,7707197,0,R B D' B2 D' R' D' R B2 D' R
34127651312111,7705637,0,R B D' R' D2 R' B2 R B' D' R'
74365211333111,7701251,0,R B2 R' B D B' R2 D2 R D2 R
47135622132332,7698729,0,R B D2 B' D B2 R2 D B' D R2
12347652223232,7697158,0,R B2 R2 B D R' B' D B' R' B
75246313332332,7696866,0,R B2 R2 D R' D B' R2 B R2 D2
35462171332331,7696396,0,R B2 R' B R' B' R B D2 B D2
14537622231323,7696383,0,R B R2 B2 D R' D2 B R B2 D2
76354121311313,7695235,0,R B R D2 B' R B D' B D' R'
16537421113322,7694628,0,R B2 R D' B2 R D B R2 D' R2
75246313312211,7693802,0,R B2 R D R2 D' R' B2 D B R'
36752143211132,7693671,0,R B D' B D2 R' B' D R' B2 R2
34627512232313,7691892,0,R B D B2 R D2 R B' R B2 D2
14752633222223,7689731,0,R B2 R D' B2 D' R2 B D2 B' R
46215372121223,7689639,0,R B D' B R2 D' R2 D' R B' R'
76543212132323,7688932,0,R B D' R D' B2 R2 D R B D'
76514321232113,7687295,0,R B D' R' D R2 D B' R B2 R2
76354213222223,7687228,0,R B2 R D2 R2 B D R D' R2 D'
34165271131211,7685820,0,R B2 R B' D R D2 B2 D B D2
74163252112211,7685100,0,R B D2 R' B D' B2 R D R2 D2
76351423321232,7684443,0,R B R2 B' D' B2 R B' R D R'
75634123323122,7682310,0,R B D2 B' D2 B R' B R B' R2
76231451123111,7682061,0,R B2 D' B R' D' R D2 R D B'
65123472312311,7680047,0,R B2 R B R' D2 R B D2 B2 R'
32547611312111,7678313,0,R B D' R' D2 R' B2 R B' D' R
76312453211111,7678032,0,R B R' B R2 B' D B' D' B R2
76325411122121,7677353,0,R B2 R' B2 R B' D' B D2 R B2
21354671221112,7676102,0,R B R2 D B2 D R' B D2 B D
32465172332321,7675766,0,R B2 R' D R2 D' R D2 B' D' B2
52761432131111,7675435,0,R B D' B2 D' B2 R D' R' B R'
63754213122122,7675368,0,R B R' B D' B2 D B D2 R' D
36721452131111,7673943,0,R B2 R2 B D' B D B' R D R
75243611113232,7673735,0,R B2 R B' R2 D R B D2 R' B2
76341251311313,7673547,0,R B2 R B2 R2 D' R D R' B2 R
34725613132223,7671347,0,R B2 R2 D R D2 R B' D' R2 B
16427531231321,7670755,0,R B2 R D B2 R2 B' D' B2 D R'
34725612331322,7670277,0,R B2 R' D B2 R' D' R' D R' B'
72543163211111,7670112,0,R B2 R' B2 R' D R' B2 D2 B' R
45312762311111,7669157,0,R B R' D2 B2 R' B' R B' D B
73516243332131,7667521,0,R B D B2 R2 D R' D R' B R'
12376451221211,7665864,0,R B D2 R' D R' B2 R' B2 D' R2
31462751113322,7665549,0,R B D' B' D R2 D B R2 B2 D'
64351272132131,7664326,0,R B D2 R' D2 R B2 D' B D B'
74156322313223,7658886,0,R B2 R B R2 B' D' B2 R B R'
63471522332132,7656888,0,R B' R' D' B R2 B' D2 B' D R
47162351322122,7655547,0,R B D B2 D2 B R' D R' B D
56723411121113,7655435,0,R B D B' R2 B' D' B D B2 R'
72165432111113,7655378,0,R B2 R2 B R B' D' B D' B' R
65174232123131,7654414,0,R B R2 D2 B R' B D' B2 D B'
16342571331221,7653273,0,R B2 D B' D B D' B2 R2 D R
17425631122112,7652059,0,R B D' B' R B' R' B R' D R'
15643271331221,7648092,0,R B' R' B' D B2 R' B D2 B' D
34725613311113,7647890,0,R B D R B2 D2 R2 D B2 D' B
64275313312211,7645650,0,R B D2 B2 R2 D' B' R B' R D2
23156473323332,7644695,0,R B R' B2 D' R2 D R' D2 B R'
17426531112233,7644363,0,R B D' R2 B D' B' D' R2 D2 B
74156322122321,7643357,0,R B D R2 B' R2 D B D2 B D'
71456321322323,7641949,0,R B2 R D R' B2 D2 R D2 R' B'
76341251113121,7639691,0,R B2 R B' R D R2 B2 R D B2
53426171112233,7637847,0,R B R2 B2 D' R B' D' R D2 B'
76543213113131,7634545,0,R B2 R2 D B R2 B D' B' R2 D
45312761133311,7634204,0,R B R2 B2 D B' D B' D R B
67245131313323,7634168,0,R B D R2 D' R' D2 B D' B' R'
75321461311112,7633901,0,R B2 D' B R D R2 D R' D' B'
71543623111121,7633732,0,R B2 R' B R2 B R2 B2 D' R D'
74523611213111,7632900,0,R B D2 B2 D B' R D2 R2 D R'
64321572132131,7632745,0,R B' R2 B R D2 B2 R B D R2
45612373132223,7632166,0,R B2 R B' D2 B' R2 D R2 D' R
35462173123211,7632043,0,R B D2 B R2 B R' D' R D2 R
52471631223113,7631587,0,R B' R2 D R' B D' R' B' R D2
32561471131211,7630409,0,R B2 R2 B R D' B' D B' D' R
53741621323112,7627539,0,R B' R2 D R' D B' R' B' R B2
76325413222223,7626730,0,R B2 R2 D R B2 R D' B' D2 R
34725613111133,7625116,0,R B R2 B' D B2 D' B R D2 B2
14736523113131,7624852,0,R B R2 B' R D2 R' D R B2 D'
65274132123332,7624230,0,R B D R' D R' B D2 B' D2 R
67321452111122,7623442,0,R B R D' R D' B D2 B' D2 R'
16537421111222,7622175,0,R B R2 B' R' D2 B R' B R B'
37612453122233,7620888,0,R B R' B2 D B' R' B' D R2 D'
36745213133111,7619832,0,R B2 R D2 R2 B' R B R' D2 R
36527412322232,7619518,0,R B D' B D R D' R2 D B' R2
54376211111222,7618738,0,R B R B2 R' D' B2 D' B2 D B2
34621572132131,7618053,0,R B D R2 D' R D2 B' R2 B D'
36751243222322,7618001,0,R B D B2 D B' D' R' D2 B D
54167231221211,7617823,0,R B2 R' D' B2 R2 D B D R' D2
64572131122223,7617705,0,R B R' D2 B D' B' R' D B2 D'
74561231111222,7614536,0,R B D2 B D' R D2 B' R D R'
41765323122212,7612867,0,R B D' R B2 D' R2 D' B D' B'
36752142123221,7612133,0,R B D2 B D2 B D' B' R B2 R
15642372213311,7610245,0,R B2 R B D2 B' R' B2 D R B'
32476513232231,7607721,0,R B' R D' B R2 B2 D2 B' R D
32145672113333,7607616,0,R B D2 B' D R2 B' D' B R2 B2
36527413111112,7607180,0,R B D2 B' R B R2 D' R' B R'
14736521211212,7605502,0,R B R2 B R' D B2 D B2 R D
32765411133113,7604988,0,R B2 R' B R D' R2 B2 R B2 R
12376541322233,7604351,0,R B D' B2 R D' B' R' D2 R2 B
17526431131121,7603655,0,R B D2 R' D' B' D R' D B' D2
32167453321232,7603497,0,R B D2 B R' B D2 R' B R B'
13246572331232,7601905,0,R B R2 B D' R B2 R D2 B D
27534162311111,7601540,0,R B D B' R2 D B' R' B D' B2
67345211112233,7601064,0,R B2 R2 B' R B D' B2 R2 D' B
65174232133313,7599756,0,R B R B' D2 R' B D R B2 R2
32765411331113,7598062,0,R B2 R' D R D' R2 B2 R D2 R
14632571321132,7596583,0,R B' R B' R' D B R2 D' B' D
67254313311113,7592777,0,R B R' D R2 D' B D' R B D2
63452712333221,7592366,0,R B2 R B D' B2 D B D2 B2 R'
12365472223232,7590847,0,R B2 R D' B R D2 B2 D R D2
32145671132222,7589740,0,R B2 R' D B' R2 D2 R' B' D2 B'
36125473111211,7589029,0,R B D2 B2 D' B' D2 R D B2 R'
76145231131112,7588872,0,R B D2 B2 D' B D2 R' B' D2 R
67312541121221,7586322,0,R B D R' B2 R' B R2 D R' B
65274133132223,7585545,0,R B2 R B2 R2 D R B D' R2 D'
42573613322231,7585432,0,R B R2 D' R' D' B R' B D' R2
76543212323213,7584297,0,R B D2 R' B R' D2 B D B2 D2
52743611111213,7581754,0,R B D B' R2 B D' B D' B2 R
25741632312323,7578535,0,R B2 R2 D2 B' D B D' R B' D2
72541631111213,7576448,0,R B D2 B' D B2 D B2 D2 R' B
52761431111312,7575960,0,R B D B' D2 R D' B D' B D2
52743611112131,7575864,0,R B D2 B' D B R2 D' B' D R
47156322132311,7575215,0,R B D2 R' D' B R D2 B2 R2 D'
52367412322232,7574856,0,R B D2 B' R B2 R D2 R2 B' R
21376541112311,7572839,0,R B D B' D2 R2 D B' R' B2 R2
32165741111132,7572633,0,R B D2 B D' B' D R' D' R2 D
72165433221233,7572449,0,R B2 R' B R' B2 D2 B' R' B2 R'
54167232112112,7571810,0,R B2 R' B' D2 R2 B R D R' D2
76341251111213,7569152,0,R B D' R D R B' R2 B R' B2
73645213333112,7566624,0,R B2 D B' D B R2 D' B D' R'
37614522111221,7566329,0,R B2 R B' R D' B' D R2 D' B
14527633132322,7565173,0,R B2 R D R' B D2 B' D2 R D2
21654372233321,7564739,0,R B2 R2 D2 B' D R B' D B' D2
41725633121123,7563499,0,R B2 R B' D R D2 B' R B D
62374513112321,7560847,0,R B' R2 B' R' D' R D2 B D' B2
23147652312323,7560301,0,R B2 R B D2 R2 D' R' B2 R D'
32561471121311,7559318,0,R B D2 B' R B R D' B R' D2
54231671123111,7557062,0,R B2 D' R B D R2 D R' B' D
24731562311231,7557019,0,R B2 D R B2 D2 R' D2 R D' B2
47256133212311,7556578,0,R B D' R' D' R2 B2 D' R B' R
62147353123121,7556314,0,R B2 D' R' B' D2 R B' D2 B' R2
17463251122112,7556041,0,R B D2 R D' B R2 B2 D' R' B2
74125632121121,7556029,0,R B2 R' B D' B R2 D' B' D B'
31265471312213,7550821,0,R B R2 D' B2 D B D2 B' R2 B
52714633223123,7550581,0,R B2 D2 R2 B D R' D2 B R' B
31265472312233,7550294,0,R B R2 D' B2 D R D2 R' D2 R
21354671122112,7547357,0,R B R D2 R B' R D2 R B2 D
52641733232321,7547339,0,R B2 R D R' D2 R B R2 B2 D'
76354121122121,7547117,0,R B R B2 D' R2 B D R2 D R'
71452363213232,7546796,0,R B2 D R' B D B' R2 D2 B R
52736141322233,7544955,0,R B R2 B2 D' B D' R' D R2 B'
12354763133111,7543707,0,R B R B2 D2 B' D' R2 D' R2 D2
74523612111311,7542995,0,R B R' D2 B' D B' R' D2 B R
54721632133232,7541714,0,R B2 R' B' R2 D2 B R D B' D2
52714633213223,7541210,0,R B2 R' B' D2 R D' R2 D R' B2
61572432312323,7540406,0,R B R2 B' D B2 R' B' D2 B R'
47123651233232,7538230,0,R B' R D R' B D' B2 R B R2
74163253332323,7534242,0,R B D2 B' D B R D' R D' R2
27154632311132,7533949,0,R B R' D R2 D R D B R2 D2
56723411113313,7530801,0,R B D R' D2 B2 D B R2 B R2
26153473132121,7530248,0,R B2 R' B2 R B2 D2 R' B' R2 B2
47156323223123,7529575,0,R B2 R2 B' R' B R2 D' R B R2
76315241323313,7527363,0,R B2 D B' R D R2 B' D B' R'
14625731322233,7526295,0,R B2 R2 B' D R B' D2 R2 B' R
72643513212311,7526077,0,R B D' B R2 B' R B' D' B D2
32156472332321,7525769,0,R B2 R' D B2 D' R D2 B' D' R2
52761431111213,7525442,0,R B D2 B' D B2 D B2 D2 R' B'
16723451322311,7524439,0,R B D' R2 B2 D' B R' D' R D2
53126471231321,7522892,0,R B R' B2 D2 R' D' R D' B R
74561233311233,7522050,0,R B R' B2 R' D2 R B2 R D R2
32167451222222,7520779,0,R B D' B2 R D B2 D B2 D2 R
61534721113211,7519582,0,R B D2 B R' B R' B D2 R' B
23165472311111,7519268,0,R B D' R D2 R' D B R2 D2 B2
76123453233323,7518687,0,R B D R' B2 D R' B R' B R2
14367252322232,7517532,0,R B D2 B' R B2 R D2 R2 B' R'
27416532133232,7517491,0,R B D2 R' D B' R2 B' R2 D' R2
64531273311311,7516520,0,R B R D' R D B2 D2 R' D' R
37561241311112,7514476,0,R B2 D' R B' D' R D2 R B D'
34651271123111,7513783,0,R B2 D' R B D R2 D R' B' D'
37614522323312,7512853,0,R B2 R B' D R' B' D R2 D' R
32765412323222,7512693,0,R B D2 B2 D' B' R2 D R D2 B'
74365211121221,7509107,0,R B2 R' B D' R2 B2 R B' D R2
74561233131233,7506552,0,R B D' R2 B D B2 D R2 D2 B
14325672231323,7504265,0,R B D' R D' B2 D' B R D B2
13276543323122,7504150,0,R B' R B' R B2 D' B' D B2 D'
12543672321332,7503791,0,R B2 R' B R' D B2 R' D' B R'
25436713332122,7503759,0,R B2 R' D B' D2 R2 B' D' B2 R'
71432563323122,7502578,0,R B2 D R B2 D2 R B' D B2 D'
36527412231122,7499480,0,R B R2 D' R2 D R D2 B' R2 D'
76324151112233,7499289,0,R B D B' D2 R B2 R' D R' D'
35462172223331,7497502,0,R B D R B2 D' R B' D' R2 D2
76145233133213,7497133,0,R B D2 B' D' B2 D' R D B2 R2
14527631131211,7494032,0,R B D2 R' D' B R' D2 B R B
14267351321321,7493395,0,R B D2 R2 B2 R' D B' D' R B
12367541331131,7492435,0,R B R2 D2 B' D R' D B D' B'
76341252232313,7490727,0,R B D B' R B2 R' B2 D B' D
36745212122333,7490153,0,R B R D' R2 B D' B2 D B2 D2
57321642311132,7489566,0,R B R' B D B D2 R2 D B2 R2
56347211222132,7488853,0,R B2 R B' D R' B' D R' B R2
52163473111211,7487949,0,R B D B2 R' B D' R' B2 D B
14723651112131,7487508,0,R B D2 B' D B R2 D' B' D R'
14325673123232,7486132,0,R B2 R' D R' B2 D2 B R' D B2
72143651121113,7485411,0,R B R' D' R2 D' B2 D R' B' R'
41325762313223,7484150,0,R B D2 B2 R2 D' R' B R' B D2
31276452133322,7483672,0,R B R2 B' R D2 B2 R D' B D2
54721633231322,7483479,0,R B D B' R2 D2 R B D2 B D2
21354761113322,7483043,0,R B2 R D2 B2 R' D R' B2 D2 R2
57642311113322,7481472,0,R B D' R D2 R2 D B D2 B R'
16725431211122,7480371,0,R B R' D2 B2 D' B' D2 B R2 D'
62475131322323,7477376,0,R B R' D B2 R' B2 R' D B' D'
21367451311331,7474785,0,R B D R2 B D2 B R' D B2 R2
74523611121113,7473819,0,R B R' D' R2 D' B2 D R' B' R
32167451312222,7472624,0,R B R' D2 R' B2 R D2 R D B2
35472163222313,7470576,0,R B D2 R' B D R2 D R' B' D
42367153211123,7470554,0,R B R2 B' D B' R2 D R2 D' R2
24157361313212,7468073,0,R B2 D B R2 B R2 D2 B D' R2
12763452322232,7467966,0,R B D R' D2 R D' B D' R2 B
41736522332231,7467831,0,R B D2 R2 B' R D' B D R' D'
74365213111211,7467441,0,R B D2 B2 R B R' B D2 B R2
57321641311112,7465760,0,R B2 D' R B' D' R D2 R B D
12537461332112,7465707,0,R B D2 R D' R D2 R2 B' R' D
16243571231231,7465371,0,R B' R B R' B D' R2 B R B2
32547612111311,7464138,0,R B R' D' B R2 B' R B D B2
72563411111213,7461613,0,R B R' D2 R' B2 D R' B' D R'
74156322122123,7459794,0,R B R' B R B2 R D' R2 B R2
74156323133123,7459228,0,R B D2 R2 B D' R D B' R2 B'
47256133321232,7458346,0,R B R B' R B2 R' D R2 B' D'
15642373212311,7458033,0,R B R' B D2 R' D' R D' B2 D2
76245311121131,7456382,0,R B D' B D2 B' R D R2 B2 D2
73615421113322,7454166,0,R B D2 R2 B2 R' D' B' R D2 B'
32175461333111,7452980,0,R B D R' B2 R D' B2 R B' R
16345271133131,7452301,0,R B2 R B D' R D2 R' D2 B R2
36125471312111,7452111,0,R B D2 B2 D' B R2 D' B' D2 R
12354762311123,7452093,0,R B D B D2 R' D B' R' B2 R2
72143563222331,7452075,0,R B D' R' D R D' B R2 B' D
13267451311133,7451981,0,R B R D2 R D' B' D' R2 B R
35461272222323,7447219,0,R B R2 B R B' R2 D B D R'
21654373332122,7446732,0,R B2 D2 R2 B R' B R2 D' R B'
14752633223123,7446126,0,R B2 D2 R2 B' R B' R D2 B' D
43615271333312,7444114,0,R B R' D R2 D R2 B' D B' R'
17425631313113,7442705,0,R B D R2 D R2 D' B2 R D R2
36714252232223,7441352,0,R B R B2 D B2 D R' B R2 D2
12473561132123,7440518,0,R B' R D R' D2 R' D' B' D B'
14625732213323,7439455,0,R B R2 B D R' D2 R' D2 R' B2
62173543232132,7438918,0,R B2 D R B2 R B2 D2 R B' D2
32741651211131,7438065,0,R B R' D' B D2 R' D2 R' B R'
76521433232333,7437729,0,R B R' B2 D' B R' D' R2 B D
75234161322233,7437247,0,R B D R' B2 D B2 D' B R' D'
36745212223232,7436914,0,R B D2 R' D' R D' R2 B D R'
65274133312223,7436050,0,R B R D' R2 B R D' R D2 R
13546271213213,7434459,0,R B D2 R2 B' D R' B D B' D'
74563211232332,7431810,0,R B D2 R B2 D' B' D' B2 D' B'
15267431223113,7431520,0,R B R2 D R' B R2 B2 D' R' D
53726143333121,7429925,0,R B R' D2 R B R2 B R' D' R
54312671131331,7429366,0,R B R' B D2 B' D R' B R B2
14723651111213,7428568,0,R B D B' R2 B D' B D' B2 R'
62435711222222,7428265,0,R B R' D R' B R2 B2 R D R
31265471122112,7427210,0,R B D2 R D' B R2 B2 D' R D2
36721452223232,7426687,0,R B D2 R' D' R D' R2 B D R
24715631122133,7426167,0,R B R D2 B2 D' R' B' R B2 R2
32164573323212,7426025,0,R B2 R B' D B2 D2 R B R2 B'
12543673221323,7425959,0,R B2 R D2 R2 B' D R D' R2 D
14736253222223,7425639,0,R B R' D' B D' B D2 R' D' B2
12745632222221,7424812,0,R B D2 B' R' B2 R' B D R2 B2
32165743311131,7424726,0,R B R B2 D2 R2 B R' B2 R B'
62135473232231,7423601,0,R B2 R D2 B2 R' B D' R2 B2 D2
72356141232113,7422764,0,R B R' B' D R2 D R D2 R2 B'
61234573232213,7421097,0,R B R D2 B D2 B R' B R2 D2
36527412221312,7421081,0,R B D2 B' R' B2 D R' D' B2 R2
31564272213311,7416197,0,R B D R' D R2 D' B R' D R2
47352612311132,7415705,0,R B D R' D' R D2 R D2 B' D2
56741231121311,7415658,0,R B R2 B' D B D2 R' B' D R
74561233321133,7415342,0,R B R2 B D2 B' D2 B' R D R2
76324153323122,7415088,0,R B2 R' B' D' R' D2 B R2 B' D2
16725431131211,7414400,0,R B D2 R' D' B R' D2 B R B'
56712341232113,7414117,0,R B R' B' D R2 D R' B R2 B2
52641733212311,7413155,0,R B R' B' D' R2 B2 D' B D' B
12546371221331,7410813,0,R B2 D2 R B2 R D' R' D' B2 D2
72513641232323,7409586,0,R B R2 B' D2 R2 B R' B' R2 B'
14725361111123,7408055,0,R B D R2 D2 R D B' D R' D'
16725433113311,7406053,0,R B D R B2 D R2 D B' D2 R2
63174522332132,7405252,0,R B R2 D' R2 D B2 R' D R B'
32465173132121,7404535,0,R B2 R2 D2 B R' B' D R' B R2
14723653313111,7402656,0,R B R2 D2 B' R2 B R' D' R B2
15243671331221,7402651,0,R B2 R' D B2 R' B D R B' D2
52163473111331,7402619,0,R B2 R B R2 B' D2 B D' B' R2
72165432323312,7402097,0,R B D2 B' R B' R2 D2 B' R' B2
14263751131121,7401561,0,R B' R D B2 R' D B' D B' R2
53147262123131,7400135,0,R B R2 D' R2 D' B D R' B2 D2
14763521113223,7399135,0,R B R2 D' R' B' D R' B D' B2
34165272323333,7398703,0,R B R2 D2 R D2 R' B D B2 R'
42137653122131,7398598,0,R B2 R' D2 R' B R' D2 B2 D' R
54763212322232,7398122,0,R B R' B2 R' D2 B D' B' D B'
21654373332221,7393031,0,R B2 R' D' R2 B D' B2 D R' B2
75346213332122,7392344,0,R B2 R2 B' D R' D2 B R' B' R2
12456733223321,7391789,0,R B' R D' R' D R D2 B' D' B
61257343232123,7391448,0,R B D' B2 D B' R B' R2 B2 D2
56423173132121,7390953,0,R B2 R' B' R2 D R' D2 R D' B2
65132473323311,7390630,0,R B R2 D B2 D B' R D2 R B
67345212111122,7390414,0,R B R D' R D' B D2 B' D2 R
65123471112311,7390382,0,R B R' D' R' D2 B2 R' B R' B
73654122221111,7385554,0,R B R2 B R' B R' D' B2 R B'
37645122312221,7385432,0,R B R D2 R2 D R' B R' D R
15426371112233,7382534,0,R B D2 R' D2 B D' B' R D' R2
56723412323222,7381970,0,R B D R2 B' R B' R' B2 D R
76543212222221,7381328,0,R B2 R2 D2 R D' R2 B R B2 D2
13627451332112,7379475,0,R B R' B' D' B D2 B' D R' B'
32714652332132,7377969,0,R B R D2 R' D R2 B' R2 B D'
15724632313223,7377205,0,R B D' R' B2 D' B' R D2 B' D'
34127651213111,7376627,0,R B R' B' D2 B' R2 B R' D' R'
45376213333322,7374321,0,R B D R' B2 R' D R D B2 D2
23576412233321,7373177,0,R B D B' R' B D2 B D2 R' B2
14625733133111,7371417,0,R B D B' R D2 R' B2 D B' R
74163253133213,7371416,0,R B2 R2 D2 R B' D2 R B R2 D2
52761433121111,7370729,0,R B R' B' R B2 D' B2 D' B R'
67345211113322,7369740,0,R B D' B' D R2 D B' D R2 D'
32754163211123,7369559,0,R B R2 D B' R2 B' R' B R2 D'
21354761112311,7367684,0,R B D B' D2 R2 D B' R B2 R2
34526713232312,7366963,0,R B R2 D' R' B' R B2 R B D
72136541322233,7365304,0,R B D2 R' D2 B D' R' B D' R2
12567433232333,7364755,0,R B R' B' R D2 R' B D R B2
27615433313213,7364425,0,R B R B2 R2 B D' R B' R B
21354763312211,7364173,0,R B D' R B' D' R2 B' R2 B' D'
52341673133111,7363678,0,R B D2 B' D R2 B' R2 B R B2
72165431113331,7363170,0,R B R' B D' R2 B2 D R B R'
25436712123122,7360895,0,R B D2 B R B2 D B2 D B2 D
24157362323111,7360816,0,R B2 D B R2 D2 B' R2 B D' B2
26371453112111,7358035,0,R B2 R' B' D' R D2 B D' R B'
34562171321111,7357933,0,R B2 R B R' B2 D2 R D2 R' D'
14765233323332,7357380,0,R B D2 B' D B' R2 D2 B' D' B2
46375212132221,7356950,0,R B D' B R2 D' R' B D' B2 R'
25436712323231,7355806,0,R B R' D R2 D' R B R2 D2 B2
43176252123131,7354735,0,R B R' B2 D R B R2 D' R D2
14735621221112,7354602,0,R B R' D' B R' B' D B' D R'
31247651113232,7354534,0,R B R2 D2 B D2 B R' D' B2 D'
14765232211211,7352075,0,R B R2 D' B R' D2 B D R2 D2
24651731333333,7352069,0,R B R2 B D' B' D B' R2 D B'
12456731233223,7343235,0,R B' R B' D R2 D2 B2 D' B D
63574212123131,7343099,0,R B R2 D2 R B' D' R2 D' R D'
21367452112112,7342843,0,R B R2 D' R B' R2 B' R2 D' R2
65417321232113,7341760,0,R B D R2 B2 D R D2 B2 R' B'
12745633323311,7337827,0,R B2 R D B2 D2 R B' D R2 D'
46375212113111,7337823,0,R B D2 B R' D' R D' B' D2 B
72345611331332,7337159,0,R B2 D' B' D B' R D2 B' R B'
65417323232123,7336866,0,R B D' B2 D B' R B D2 R2 B2
17463251313113,7336821,0,R B R' B' D' R' B2 D R' B2 R
74365212222323,7336525,0,R B R' D R' B2 R' D B D R2
76145232123332,7336473,0,R B R2 B R2 B' D2 B R' D' B2
13764252323231,7336067,0,R B D2 B D' R B' R B2 D' B
63752412322112,7335037,0,R B D B' D2 B' R D R D2 R2
32561472133313,7334058,0,R B R' D2 B2 R' B D R B2 D2
32547611213111,7332671,0,R B R' B' D2 B' R2 B R' D' R
46273513221212,7332656,0,R B R' D2 R' D' R' B D2 R' B
14725363223213,7332075,0,R B D' R B2 D' R' B R' D2 B'
51423671221331,7331827,0,R B D2 B2 R D' B2 R B R2 D2
14736251112332,7330869,0,R B R D2 B2 R B' D' B D2 R2
67234513332122,7329491,0,R B R2 B2 D R' D B' D B D2
32547613111211,7329127,0,R B R D' B2 D R2 D R B' R'
67321451111123,7328492,0,R B R' B R' D' B2 R2 D' B R
47163522131222,7327908,0,R B R' B2 R' B' D' R D2 B' R
14752631323223,7326785,0,R B2 R2 B' R D B' D2 R2 B' R
72563411111312,7325987,0,R B R' B2 R' B D B2 R' B R
56347211213111,7325641,0,R B D R' B D R' D R2 D2 R
65723143321313,7323872,0,R B R2 B R' B' D B' D2 R B'
14325672323222,7322480,0,R B D2 B2 R D B' R D2 R B2
71326451211311,7321050,0,R B2 R' D' B' R D2 B R' D B'
75346211133122,7318103,0,R B2 R B2 D2 R' D B' D2 R2 B2
36527411131133,7317729,0,R B R2 D2 B' D2 B D' B' R D2
67345211111123,7314581,0,R B R' B R' D' B2 R2 D' B R'
23165471312132,7314554,0,R B D R' D2 B R D' B R2 B
35162473323131,7312173,0,R B R' D B2 R' B' R D' R2 B'
25134672233321,7310688,0,R B D' R2 B R D R2 B' D B2
43216573132223,7309550,0,R B R' B' R B' D B2 R' D' B2
76321543211111,7309478,0,R B R D' B2 R2 B D' B' R2 B2
14765232331313,7307832,0,R B2 R2 D2 R B' R2 D B R2 D2
32561472213122,7306905,0,R B R2 B' D R2 B' D' R B2 R2
63745123122212,7306060,0,R B R2 D' B R2 B' D' R2 B2 D
14753261333111,7305747,0,R B R2 D' R' D' R' B R' D2 R
35162472122231,7303920,0,R B R' D2 R' B D2 B2 D' B2 R
23417563232123,7301937,0,R B D' B2 D B' R B' D2 R2 B2
15642372331322,7301326,0,R B R D2 B' R2 D R B2 R D'
46572312132122,7299045,0,R B R2 B' D B2 R2 D R' D R2
34127653111211,7296595,0,R B R D' B2 D R2 D R B' R
16743252323222,7295674,0,R B R2 B D R' D B D R2 B'
14765232232322,7292585,0,R B R' D R' B2 D2 R D R D'
34165273311131,7292181,0,R B R D2 B' D' R B' D R2 B
52147631311121,7292134,0,R B R2 B' D B2 D R2 D2 B' D'
32765411121113,7290224,0,R B R2 B' R D R2 D2 B D' R2
14753261221112,7289427,0,R B R2 D R' D R2 D2 B' R' B2
76354123211132,7286040,0,R B R' D R2 B' D' B R' D2 R2
32417652132131,7284545,0,R B2 R' D B2 D B2 D2 R' D B'
14726531233313,7284447,0,R B D2 R' B D2 R D' B' D' B
57236141113232,7284401,0,R B D' B2 D' R2 D B' R' D' R
36147251311121,7281266,0,R B R2 B' D B2 D R2 D2 B' D
74365213121333,7279469,0,R B R2 B' D' B2 D' B R B2 D2
32165741233223,7279202,0,R B2 R B2 D2 R' B D' B2 R2 D2
45312672233321,7278671,0,R B D2 R2 B D' R B' D2 B R'
63125743131233,7276606,0,R B R' B D' R B2 R2 B R B
76351421113322,7274225,0,R B R2 B' R2 D2 B D' B' D2 B'
75641323232111,7273306,0,R B2 R' D2 R' B R2 D B2 D R2
12543672322232,7271457,0,R B D R' D2 R D' B D' R2 B'
35462172312131,7270044,0,R B R' B2 D' B R D R2 D2 R
14736521322233,7269916,0,R B R' D2 B D' R' B' R2 B2 D
36745213232213,7269242,0,R B R D' R D2 R' B2 D R' D
16374523211123,7269027,0,R B R' B' R2 D' R' D R2 B' R2
34725612231332,7267695,0,R B D2 B' R D2 B' D' B D2 B2
36521472331121,7265881,0,R B D R2 B' D' R2 D' B R B2
34127651121113,7265107,0,R B R2 B' R D' B R2 D2 B2 D
46157233333232,7264999,0,R B R D' B D' B2 R' D B2 R'
73246153312211,7261112,0,R B D R2 D2 B2 D' R' D B' R
36721451131331,7260683,0,R B D' B D' B2 R2 D B D R'
72143652111311,7260338,0,R B R D2 B' R D' B' D2 R B'
12543672121121,7259511,0,R B D2 R2 D B2 D' B R B2 D'
72563412131111,7259360,0,R B R2 B' R D2 R B2 R2 D' B'
21734652123131,7259062,0,R B R D R D2 R D' B R2 D2
41725632322331,7256483,0,R B2 R' B D2 B' R D2 B' R' B2
45612373112231,7255765,0,R B2 R2 B' D B D' R2 B2 D' R
45637123132121,7253573,0,R B2 D' R' D' B2 R B' R2 B' D2
14325672112121,7251942,0,R B D2 B D2 B' D2 B R' B' R2
74523611312111,7251139,0,R B R2 B2 R D' B D2 B2 D R'
76245312132131,7250284,0,R B2 R2 B' R2 B R D' B2 R D'
26415731322323,7249132,0,R B R B' D2 R B D2 B' D' B'
56321473233323,7247036,0,R B R' D2 R' D R B2 D' B D
25763411332322,7246224,0,R B D' R D2 R' B D' B D R2
72143651213111,7245473,0,R B R2 B' D B' D R2 B2 D2 B
35271461322233,7244963,0,R B R2 D2 B2 D' B' R' B R2 D'
12745633313312,7243988,0,R B2 R B R2 B2 D B' D B2 D'
35162473332131,7243359,0,R B D2 R' D' R D R2 B2 D2 R'
13257641112233,7241344,0,R B R2 D2 B2 D' R' D' R B2 D'
34127652111311,7240525,0,R B R2 D2 R' D2 R' B D2 B' D'
16327453232333,7238803,0,R B R2 D2 R' B2 R' B D2 B' R'
14527631133311,7238630,0,R B R B D2 R2 B2 R B2 R' B
42651372213311,7238388,0,R B R2 B2 D2 R' D' R D' B D2
72541632131111,7238220,0,R B R D' R2 D R' B D' B2 R
34761252323222,7237271,0,R B R B' D2 B R2 B D R' B
47156233223312,7237227,0,R B D' B D' R' B D2 R' B' D'
35416721113112,7232899,0,R B2 R D B' R2 D2 B R2 B' D'
26741351232113,7230069,0,R B R B2 D2 R B D2 R2 B' R'
74523613111211,7229677,0,R B R D' B2 D B' R' B D' B2
32765412221312,7229177,0,R B D' B' R B' D' B R2 D' R2
74125631313311,7227719,0,R B R2 B D2 R2 B R' B' R B2
32167451333111,7226560,0,R B D B2 R' B2 R B2 R2 D' B
74156323132331,7226330,0,R B R' D2 B' D B R D2 R2 D
16725432232223,7225140,0,R B R B' R D2 R' D2 B R' D
65132473313312,7224541,0,R B R B2 R B' D B2 D R2 B
72143653111211,7224124,0,R B R2 B R D' R B D B2 R'
52743612131111,7222646,0,R B R2 B' R D2 R B2 R2 D' B
74125632131111,7222050,0,R B R D' R2 D R' B D' B2 R'
41765322221312,7221647,0,R B R' B R2 D' B2 D' B D' R'
32175461221112,7220575,0,R B R2 D R' D R2 D2 B' R D2
26415732121223,7217725,0,R B R2 D' B D2 B' D' R2 B2 D
14752633213223,7213422,0,R B2 R2 D2 B R' D' R D' B D2
34165271311121,7212837,0,R B R' D R D B' R2 B R' D2
54321761211221,7212150,0,R B R B' D B' D2 R' D R2 B'
16573241312312,7211994,0,R B D R2 D R' B' D' R2 B R
51264731113322,7211482,0,R B R' D' R D2 R B D2 B2 R'
76354213312223,7211154,0,R B R B' R2 D B D' R B2 R
63752141123213,7210978,0,R B R' B2 R' D B2 D2 B' D2 R
17425631323223,7210205,0,R B D2 R' D R' D B D2 R D'
36527412111113,7209964,0,R B R2 D' R' D R' D2 B D B'
15643271221331,7207927,0,R B2 D2 R B2 R D' R' D' B2 D'
21365742221312,7207584,0,R B R D' B2 R B R2 B' D' B'
14765231133131,7206934,0,R B D B D2 R2 B2 R B2 R' D
54716322313223,7204104,0,R B D B2 D2 R2 D' B' R B' R
76345123211111,7204010,0,R B R D' B2 R2 B D' B R2 B2
45612373332221,7200881,0,R B2 R2 D2 B D' R' D R' B D2
65132741223323,7200115,0,R B R' D' R B' D B2 R2 D' B'
12643571321321,7199759,0,R B D2 R2 B' D B R' B D2 R
47352612123131,7199707,0,R B R D' R' D R2 D R2 B' D2
25736413123112,7199534,0,R B D B2 D R2 D R' B' D B2
32465173123121,7195966,0,R B2 R D' R2 D' B2 R B2 R' D
72165433111112,7195551,0,R B R2 B' D B D R' D R' D2
14725363211213,7191644,0,R B R2 D' R' D R D2 B2 R2 D'
73516243323113,7189738,0,R B R B2 R2 D' B D' R2 B2 D'
54261373123121,7189506,0,R B R D R2 B' R2 B R2 D' B'
46375212332222,7186731,0,R B R2 D' R' B R D2 B2 R2 D'
65742311212313,7185788,0,R B2 R' B2 R' B R2 D B2 D B2
16523473332323,7185327,0,R B R2 B' R D B2 R' D' B D
35162473122221,7184924,0,R B D B2 R2 B' D' B' D R2 D2
16725431121311,7183140,0,R B R2 B' D B D2 R' B' D R'
34562171321231,7182834,0,R B R B' D2 R D2 R' B R' B'
56423171321321,7177088,0,R B2 D R2 D' B D' B R' D' R'
14723651113121,7177069,0,R B R2 D' R' B R' D2 B R D'
34127651131112,7176281,0,R B R B' R D' R2 B2 D R' B
35461271321231,7173764,0,R B R2 D2 B R2 B R' D' R2 D'
76342513323122,7172552,0,R B2 R' B' D' R D2 B' D2 B D2
34651272332132,7172486,0,R B2 R' D R2 D B2 D2 R' D R'
35426712311312,7171911,0,R B R2 B D2 B D' R' B R2 B
73542613132322,7171117,0,R B R B2 R' D B2 R' B2 R B2
32547611131112,7170458,0,R B R2 B2 R D' R B2 R2 B R'
43216573212311,7169435,0,R B R' D B2 D' R B' D' R D2
56327411211332,7168764,0,R B R' B' D B R2 D2 B2 R D
64275311222222,7167282,0,R B R D2 B2 R' B D' B' R2 D2
13246571112233,7165790,0,R B R' B2 D B' D' R' B2 R2 D
36541272323222,7159703,0,R B R B' D2 B R2 B D R' B'
72563413121111,7158233,0,R B R D' B2 R B' D R' B D2
61453721311112,7157638,0,R B D2 B' D B' D2 R D2 R' B2
41325763131233,7157550,0,R B R B2 D2 R' B D' R' B2 D2
71326453132121,7156081,0,R B2 R' B2 R' B R' B2 D2 B' D
16243571321321,7154414,0,R B2 D R2 D' B D' B R' D' R
16345272333212,7153040,0,R B R2 D' B D' R2 B D B2 D2
34725612111113,7149871,0,R B R2 D' R' D R' D2 B D B
56741231311121,7149279,0,R B R B' R2 B D' R D' B2 R
32156471113211,7149114,0,R B R' B D2 B' R B R2 D2 B2
37652141113232,7147068,0,R B R D' B2 R D2 R' D R' B'
72546311323112,7146193,0,R B2 R D R2 D2 R' B R2 D' R'
45612373332122,7142891,0,R B2 R2 D2 R' B D B2 D2 R2 D'
76315241322122,7142574,0,R B D2 R' B2 R D B2 D' R2 D
52147631211131,7141578,0,R B R B' D2 R B' R B' D B2
74213652323132,7141266,0,R B R' D B R' D B' D2 B2 R
54167231131112,7139127,0,R B R D2 B2 D B D' R2 B2 D'
14723653232222,7139016,0,R B D R2 B' D' R D' R D2 B
75264132223331,7137861,0,R B R B D2 R' B R' B' R2 B2
72145633232231,7137492,0,R B R' D' R D2 R B' D' B D
72361453232333,7137293,0,R B R B2 D' R D' B' R2 D B'
14765231113121,7133255,0,R B R2 D' R' B R' D2 B R D
73645213112231,7130239,0,R B D2 R' D R D2 B R B' D'
74365212111311,7129404,0,R B R2 B2 D B D' B R2 B R2
17423653213232,7128107,0,R B2 R' B R2 D' B R D R' D2
72143651312111,7127336,0,R B R B2 D2 B D B' R2 D2 B
67412353332221,7126842,0,R B D' B2 R2 B D2 B R2 D R
36527413311311,7126359,0,R B R B D2 R B2 R B' D2 R2
14726533323122,7125238,0,R B2 R B' R B2 R2 D B D2 B'
56723413331111,7125011,0,R B R B' R2 D2 R B R2 B R2
76145233232333,7123880,0,R B R2 B2 D R D' B D2 B D2
13254761323322,7122223,0,R B2 R B R2 B2 R' D R2 B' D'
47512632312323,7121687,0,R B R2 D2 R D' R' D2 R' D B'
32745611223332,7118141,0,R B R2 D B2 R' D' R' B2 R' D'
56723413221212,7117162,0,R B D2 R2 D B R2 B R B2 R'
41752632312323,7112369,0,R B R2 D2 B D' B D' R2 D R'
56324171221331,7111571,0,R B R' B R2 D' B D' R2 B2 D
72145631233223,7111518,0,R B R' B' D R2 D R' D' B D
14735621333111,7111052,0,R B R B2 R D2 R' D2 B D R2
12543671331113,7110229,0,R B D R2 B' R2 B D2 B2 R' D
12543673231223,7108581,0,R B D B2 R' D' B R' B D2 R
72356143211123,7108501,0,R B R D2 R2 B2 R' B' D B' D
76245313123121,7105875,0,R B2 R D2 R2 B R D R' D2 R'
76245311213312,7102703,0,R B D' R' D R2 D B' R B2 R'
14563272323222,7099806,0,R B R B' D2 B D' R' B D' R2
16542371331221,7099202,0,R B2 R' D B2 R' B D R B' D'
17426531331332,7097697,0,R B D2 R' B' R' B2 D B' D2 B
74512362313223,7096816,0,R B R B' D2 B' R' B D2 R' D2
12564733323122,7093847,0,R B R B D' B2 R2 B' D2 R' B
52163471213111,7091903,0,R B R2 B' D B' D R2 B2 D2 B'
36125471213111,7087396,0,R B R2 B2 R' D R2 B' D' B2 R
76325411112131,7087233,0,R B R2 B' R D B D' B R' B2
16453272111131,7086588,0,R B D' R B R' D R' D2 R2 B
56327413213112,7084962,0,R B R' B2 D2 R' B R' B' R D2
12543673111331,7084862,0,R B D R' D R2 D' B2 R B' R
35246171113322,7083515,0,R B R' B D2 B2 D B R2 B D'
14752632332132,7082037,0,R B2 R2 B' D2 B R D' R2 B D'
36745212131111,7079641,0,R B R' B D B D' R2 D R' B2
74365211213111,7079056,0,R B R2 B' D B R2 B2 D B' R2
23576412312323,7077765,0,R B R B' R' D B2 D B2 R' B2
57236141322233,7076889,0,R B R' B2 R' B2 R D' R' D' R
45612372331121,7073101,0,R B2 R' B R2 B' D R2 B' R' B2
54326171321231,7070419,0,R B D' R2 D' R2 D R' B' D' R
76345122213311,7069754,0,R B R' B R' D' B2 R' D2 R' D'
54721633333331,7067967,0,R B R2 D2 R B R2 B D R2 D'
61453723111121,7066812,0,R B D B2 R2 D B R2 D2 B' D'
52163472111311,7064927,0,R B R D2 B' R D' B' D2 R B
41752631222123,7063551,0,R B R B2 R B2 R D' B' R D2
32156742333131,7059833,0,R B R B2 R B R' D B2 R D2
36125472111311,7058357,0,R B R2 B2 R' D' B2 R B D2 R'
76245313122122,7057901,0,R B D B' R2 D R B' D B2 D
76145232331313,7057112,0,R B R2 B' R' D2 R' B D B2 R2
36745212121223,7055442,0,R B R2 B' R' D2 B R' D' R2 B2
15724631211311,7054900,0,R B D B' D R' B D2 B2 D B'
65314272311132,7053269,0,R B R B' R2 B' D' R B2 R2 D'
54167231333213,7052045,0,R B R' B D R B2 D' R D2 R'
71432563332113,7046769,0,R B R2 D' B R2 D B' D' B' R
46513272332111,7046724,0,R B R2 D2 B' R B' R B R' D'
52673413232123,7041651,0,R B R2 D' R2 D' R D R' D2 B2
17362451231321,7039151,0,R B D R' D2 B D' R' D B' R2
72165433321223,7038171,0,R B R' D2 B2 R B' R' B D' B
17425631332112,7038108,0,R B D' R' B R' B' R B' D R'
75642132213311,7036762,0,R B R' B R' D' B2 R' D2 R' D2
54167231121113,7036635,0,R B R2 B' R D' B R2 D2 B2 D'
32156742311123,7033775,0,R B R D B2 R' B R' D' B2 D2
14325673232333,7030405,0,R B R2 B2 R' D' R2 B R B2 D'
12347653132223,7027355,0,R B R D' B2 D R' D' R2 D2 B2
56723411131112,7026847,0,R B R D' R2 D' R' D B D2 R'
31624751112233,7025616,0,R B R2 D' R2 B D' B' D B' R2
12734561322233,7024388,0,R B R2 D' R2 B D' R' D B' R2
73542613132121,7023199,0,R B D R' B2 D2 B R' B' D2 B2
25134672312323,7022310,0,R B R' D2 B R D B2 R' D B2
74163253133231,7021546,0,R B2 R' B D' R2 B2 R' D' B2 D'
23165472111332,7021185,0,R B R2 B R B2 D B2 D R2 D
76145231121113,7020960,0,R B R2 B2 R' D B2 R' D' B2 R
46513273113221,7017447,0,R B R D' B2 D' R B2 D B' R
65274131311313,7017063,0,R B R D' R B2 R' D2 B R' B
32561473323212,7016663,0,R B R2 B' D B' D2 R2 B' R' B2
54126371331221,7016594,0,R B R' B' D R D' R D2 R' D
54721632212231,7015865,0,R B R' D R B R2 D' B D2 B'
75314623113122,7015775,0,R B2 R' D2 R' D B2 R B2 R D2
74125632321332,7014745,0,R B R2 D2 R B2 R' D B R2 D'
31265471313113,7013170,0,R B R B' D2 B D' B2 R D' R
32164571232323,7012073,0,R B R2 D' B R' B R B D' R2
32165742331112,7011727,0,R B R2 B R' D R' B' R' B R2
54167232333113,7011018,0,R B R' B R2 B' R2 D B R D'
56723413222112,7008901,0,R B2 R D' B R' B' D B' D R2
16453271211113,7008326,0,R B D2 B R B2 D' R2 B R B2
14752363222121,7008296,0,R B R2 B R2 B D' B' D R2 D
63752411223212,7008064,0,R B R D' B2 D' B D R D2 R2
52341673232333,7004288,0,R B R B2 D' R D' B' R2 D B
74125632122111,6999460,0,R B R' B2 D2 B' R' D2 R D2 B'
64531272132131,6997702,0,R B D R2 D' R D2 B' R2 B D2
47156322313232,6996426,0,R B R2 B R' D' B R' B' R2 B
52163471312111,6995639,0,R B R B2 D2 B D B' R2 D2 B'
16725433122212,6995604,0,R B R2 B' D' B2 R B' D' B2 R2
71432563323113,6993430,0,R B D2 R' B R2 D R' D' B' D
64531273312211,6992708,0,R B R B' R D2 R' D R' D R2
72643513212332,6991196,0,R B2 R' B' D' R D2 R D2 R' D2
76543211223221,6988588,0,R B2 R' D R' B2 D2 B' D' B2 D'
74365211312111,6985529,0,R B R B2 D2 B D B' D2 B' R2
32175461113112,6984199,0,R B D2 B R' B R B2 D' B R'
34261573123121,6982861,0,R B D' R' B D' R B2 D' R' B2
63752143123223,6979071,0,R B D R2 B2 R' B' R' D R2 D2
76543211332331,6978540,0,R B2 R' B D2 R' D' B' D R' D'
74365212333332,6978179,0,R B R2 B D2 B' D2 B D' R' B2
45312671222312,6976678,0,R B R' D2 R B' D2 R D R B2
12347652111221,6975218,0,R B R2 B' R D' B2 R2 D' B' R2
17642533312211,6970617,0,R B R D' B2 D' R' B D2 R' D2
14725363213121,6970421,0,R B R B2 D2 B' R' B' R D2 R2
36127451333222,6969229,0,R B R B D' B2 R' D B D B
32174652332132,6969120,0,R B D B' R B' R D2 R' D2 B'
75346213132322,6966028,0,R B R B2 R' D' B2 R D2 R' B2
13462572213311,6965498,0,R B R2 D B' D2 B' D' R D2 B'
26543171123111,6962276,0,R B R2 B' R D' R2 B R2 B' R2
43527612312323,6957555,0,R B D R2 B' R D' R D' R2 B
51632741323232,6956136,0,R B D' R2 B D R' D R2 D' R
62135472132131,6956050,0,R B D R2 D' R' D2 B D2 B' D2
65132472131231,6955888,0,R B R B' D2 B' D B R D2 R2
54326171112233,6955797,0,R B R' D2 R' D2 R D' B' D' R
32765411131112,6955466,0,R B R D2 B2 D B D' B2 D' R2
32156472312332,6953723,0,R B D' R B' D' R2 B2 D' R B'
16427531211311,6953453,0,R B D R2 B2 D R' B' D B2 R2
16725431311121,6952650,0,R B R B' R2 B D' R D' B2 R'
52713461232323,6949152,0,R B R2 B' D2 R2 B R' B' R2 B
47156233322312,6948446,0,R B R' D R' D' B R2 D' R' D'
63247511123132,6946717,0,R B D' B D' B' D' R B2 D B'
52163472131222,6945293,0,R B D2 R2 D R B2 R B R2 B'
36745213131131,6944639,0,R B R B2 D' B' R B' R B2 D
15763242323132,6942116,0,R B D R2 B2 R' B' R2 B' D2 B
45732612233321,6940173,0,R B R D' R2 D' R' D R2 D2 B'
52341671311313,6940059,0,R B R2 B' R B2 D' R2 D R B2
45312673222112,6939766,0,R B R' D2 B' R2 B R' B2 D B'
52163473221323,6939547,0,R B R2 B' D R2 B' R2 B D B2
45671233112132,6939295,0,R B2 R' B2 R' D R2 B R2 B R2
56347211312111,6938509,0,R B R B' R2 B' D' R D B2 R'
32745612322331,6938336,0,R B R B2 R D B' D2 B' R' D2
75236143213232,6936045,0,R B R' B R2 B' D R B R' B'
47632152233321,6934046,0,R B R D2 B' R B' D R' D2 B
15672341323112,6931707,0,R B2 R B D2 B2 D' B R2 D' B'
45612373132121,6926930,0,R B D' B R' D' R2 B2 D' R D'
12365473332323,6925055,0,R B R2 B' R D B2 R' D' B D'
61352472233321,6925040,0,R B R' B D2 B R B R D2 B2
36721452122123,6924267,0,R B R2 B' R B2 D' B' R D2 R2
76315241113112,6923955,0,R B D2 B D' R B R2 D' B R'
51367241211113,6921482,0,R B D' R2 D B2 R' B D B D'
32561473222223,6920614,0,R B R B' D2 B R' D' B2 D2 R2
16243571132132,6917373,0,R B R2 D' R D' B2 D' R2 B' R2
75321463132121,6909622,0,R B2 R' B D2 B D2 B2 R' D R'
74163253131332,6909232,0,R B R' B2 D2 R' D B D B2 R2
25736411321312,6908547,0,R B R D2 R B2 R D' R' D B2
72543162311111,6904708,0,R B R2 B D' B D' B R2 D' R
32765413122212,6902754,0,R B R' D' B R' D' R B2 D' R2
75346211311211,6901850,0,R B R2 B D' R' B R' B' D2 B
13762451321321,6901003,0,R B R2 B2 R B2 D R2 D2 B D'
75346213132121,6900913,0,R B D R' B2 D2 B R' B D2 B2
53621471331221,6899975,0,R B R D' R2 B2 D B' R' D B2
12365473232312,6899620,0,R B D B D2 R D2 R B' R2 D2
16543721113211,6899432,0,R B R D' R2 B D' B' R D' R2
12543672331232,6893429,0,R B R2 B D' R B2 R D2 B D2
32147562313223,6893197,0,R B R D' R D2 R' B R' D B2
21354762213311,6892426,0,R B R' D2 R B R' D R' D B2
14765233113131,6892374,0,R B R2 B' R D2 R' D R B2 D2
76315241332112,6891011,0,R B D B' D2 B R' B2 D B' R
13645271221331,6890586,0,R B D2 B2 R D' B2 R B D2 R2
17452363322132,6888981,0,R B R2 D' R' D' R B2 R B R
31624753312211,6888455,0,R B R D R D2 B R' B D2 R2
23156471333132,6888339,0,R B R B2 R B R D' B2 R' B2
54371621113322,6887858,0,R B R2 B' R2 D2 B D' B' D2 B
72345611133113,6887166,0,R B R B2 D' R2 D R2 D2 B' D
56723411222312,6886142,0,R B2 R B' R D' B' D R' D R2
32145673112222,6882735,0,R B R' B2 D2 R D' R' D B' R
17543261132111,6881723,0,R B R2 B D B2 R' B2 D R B2
16534271111132,6880052,0,R B R B2 D' R B' R B' R2 D
74125633131233,6879199,0,R B R' D2 R' B' D2 B R' D2 R2
74361253211231,6876427,0,R B R B' D' B D' R' D R2 D
36241573212332,6875885,0,R B R2 B2 D B' D' B R2 D B
14762351331221,6872058,0,R B2 R B' R2 D2 R' B R D2 R
45713623223132,6869138,0,R B D' B2 R' D R D' B R2 D2
35462171221223,6868405,0,R B R D B D' B' D B2 R' B
73645211332112,6867248,0,R B D2 R D' R D2 R2 B' R B2
12347653132322,6866799,0,R B R D B2 R2 D2 R D2 R' B
71543622111131,6864477,0,R B R D2 B2 D' R' B2 R' D2 R
17425631223113,6863784,0,R B D B2 D B2 D' B2 R B R2
32465172133121,6862311,0,R B R' D B' D' R2 B2 D' B R'
27543611111132,6857269,0,R B R' B2 D2 B R2 B D2 R B
64531273122131,6856673,0,R B R B' D2 R2 D R' D' R2 D2
32765413223312,6854960,0,R B2 R D R2 D2 B D' R D2 R'
16572433213223,6853259,0,R B D' R2 B2 R D2 R D2 B R
15627431332112,6850314,0,R B D2 R D' R D2 R2 B' R' D2
24367513111121,6847444,0,R B R' D2 R B' R B' R2 D2 B2
32156472332132,6846503,0,R B D B' R B' R D2 R' D2 B
17452363213232,6844020,0,R B2 R' B R2 D' B R D R' D'
76145231311331,6839034,0,R B R' B D' R2 D' R B R D2
65274133232321,6837509,0,R B D' R D' B R2 B2 R B' R'
63752143212323,6834721,0,R B R B2 R2 B D R' D B' R'
14723651211212,6833702,0,R B R2 B R' D B2 D B2 R D2
15724633132322,6833639,0,R B R B2 R' D B2 R' B2 R' D2
34261572133121,6832752,0,R B R' B' R2 D2 B' D B R' D
32174652312332,6831684,0,R B R2 B2 D' R D' R2 D' B2 D'
74123563323221,6831386,0,R B R B' D2 B' R B2 D R' B
47156322332312,6829758,0,R B R' B R2 D' B' D B' D2 R'
12376543133132,6823701,0,R B R D' B2 D R' D' R2 D2 B'
47621533231121,6821357,0,R B2 R B' R D R2 B' R B D2
62543711311112,6818660,0,R B R D2 B' R B' R D' R' B2
46527133111121,6815863,0,R B R' D2 R B' R B' D2 B2 R2
32164571111231,6813526,0,R B D B' D2 R D2 R' B R' B
24173652323231,6812258,0,R B R B' R2 D R' D' R D' B2
16537421332112,6809430,0,R B R2 D' R' B' R' B R' B2 R
42367153111121,6808738,0,R B R' D2 R B' R B R2 D2 B2
74163253133132,6803901,0,R B D' R2 B2 D R' D' B D' B
76341253233131,6803824,0,R B R2 B R2 B' D2 B' D B R2
13276541323322,6800111,0,R B D2 R' B D' R D B R' D2
51264732213311,6799439,0,R B R B2 R2 D2 R' D' R D' B
47152361233232,6799237,0,R B R' D B D2 B2 D' R' D2 B
72345611222222,6798322,0,R B R' B2 R' D' B2 D B' D2 B2
73146522113231,6795869,0,R B D B D2 B D B2 D2 R' D'
15346271321321,6795421,0,R B R' D R D2 R2 B' R' D B2
14735621223113,6788816,0,R B R' B' R D' B' D R' D R'
12365471313113,6783817,0,R B R D2 B' R2 B D2 B2 R' B
12376543133231,6783472,0,R B R D B2 R2 D2 R D2 R' B2
17436521323232,6782887,0,R B R' B D2 R D' B' D' B2 D'
14726531333312,6779672,0,R B R2 D' B D2 R B' D' B' D
63172452312323,6779118,0,R B R B R D2 R B' R D2 B2
76342511323112,6776399,0,R B D2 R' B R' B D R B' R2
15643273223111,6775922,0,R B R B2 R D' B' R' B2 D R
76345123312211,6775765,0,R B R B' R B' D' B2 R2 D' R
32765413322312,6774305,0,R B2 R B D2 B2 R B' R B2 R'
15672343213232,6772436,0,R B2 R D' R2 B2 R' D R B2 R
36752143132232,6771604,0,R B R B D B' D' B D2 R' B
17463251331221,6770700,0,R B D2 B' R' B2 D R' B R D'
36125472121223,6770368,0,R B R' B' R D' R' B R2 D' B2
63714522332132,6770332,0,R B R D2 R' D R2 B' R2 B D2
15647233213232,6769276,0,R B R B' R2 D2 B D' B' D R2
12467351231321,6768818,0,R B D B2 R' B R' B D' R2 B
46375213333121,6764573,0,R B R2 B D' R D' B' R' D R2
17426531223221,6764160,0,R B R B D2 R2 B2 R B2 R' B2
36745211211221,6763449,0,R B R2 B D' B R2 D' R B R'
65417323223123,6760753,0,R B D2 B' R B' D2 R B2 R' D2
56723412122312,6748748,0,R B R2 D2 R D B2 D R D2 R'
56347211331131,6747012,0,R B R D' R2 B2 R D R2 D R2
62154733321121,6746960,0,R B D' R' D B2 D R2 B' R2 B
76315241223113,6745761,0,R B R2 D R' B R2 B2 D' R B2
24715632313223,6736621,0,R B R D' R B' R' D2 B2 R' B
12734562313223,6732673,0,R B R B R D2 B D' B D2 R2
62135473122131,6722919,0,R B R B' D2 R2 D R' D R2 D2
54637211132111,6720973,0,R B R' B2 R D2 B' D B R D'
15627431223113,6720594,0,R B R' D' R' D' R2 B R' D2 R
16537421223113,6720568,0,R B R2 D R' B R2 B2 D' R' D2
15367421223113,6717683,0,R B D2 B D R2 B' R2 D R D2
76245311131121,6715792,0,R B R' B D' R B2 R2 B R' D'
57364213332122,6710929,0,R B R2 B2 D R' D B' D B D
61472533112111,6703660,0,R B R B2 D2 R B' R' D R2 B2
54362711111231,6700393,0,R B D' B2 R D R' B D2 B' R
45612373322111,6699700,0,R B R' B' D R2 D R' B R2 B'
27453161123111,6698711,0,R B R2 D B2 D R2 D2 B' D R
51647231113232,6693257,0,R B R2 D2 B D2 B R' D' B2 D
75243613213232,6690438,0,R B D2 B' D' B2 R B' D R D'
46375211211332,6686319,0,R B R' B' R2 D' R' D R2 B' R'
23674153232321,6683777,0,R B D R' B2 R' B' R' D R2 B'
35267141223233,6682864,0,R B D B' R' B' D R D' R D2
57214361323232,6677340,0,R B R' D2 B D B' D R2 D' R
31527643332122,6676528,0,R B R' B R B' R D' B2 D2 R
37614521323232,6675362,0,R B D R' B2 D R2 D' R D' B
16257433223123,6674271,0,R B D B2 R2 B' D' B2 D' B2 D
32167453222313,6668570,0,R B R D B2 R B2 R B' R2 D2
46375212132131,6667859,0,R B R D2 B2 R2 D B' R2 B D'
14735621332112,6666746,0,R B R D2 R D2 R' B2 D B R2
14735621333222,6665756,0,R B R2 B D2 R B D' B D' B'
63752142332132,6659607,0,R B R D2 R' D' R2 B D2 B' D2
16725433333232,6656199,0,R B R2 B R' B R2 D' B D B'
46352171211233,6650836,0,R B D' R D R B' R2 D B D'
54317261113112,6649090,0,R B D2 B' R D' R' B2 D B' R
13542671231231,6648055,0,R B R' B R D2 R2 D' R' D2 B
34165273222322,6642940,0,R B R2 B R2 D2 B R' B' D B2
42315673112111,6642171,0,R B R' B2 D' B D' R' D R2 D
52731641233112,6641887,0,R B R' D' B D' B D2 R2 B' D
67435123123121,6636459,0,R B D2 R' D2 R' D R' D2 B2 D
56173421113112,6631854,0,R B D2 B' D R' D' B2 R D' R
31452672322331,6631399,0,R B D' B' D B2 D B2 R' B2 R
24715633112111,6627305,0,R B R D' B R' D R2 D2 R B'
54231673123121,6620098,0,R B R' D R D B2 R2 B D2 R2
72345613221221,6616759,0,R B D2 B R2 B' R2 B' D B D2
74125633133222,6615528,0,R B D2 B D2 B' D2 B' D R D2
23456713212332,6613760,0,R B R2 B' R2 D B' R2 B R B'
31265471321111,6609867,0,R B R2 B D' B D B2 R' D R'
75346213112132,6607552,0,R B R' B2 R D R' B D' R D2
67435121332112,6604588,0,R B D2 R' D2 R' B D' B2 R2 B
73645211321111,6602901,0,R B R2 B R' B D R2 B' D R'
73645211223113,6601633,0,R B R D' B2 D B' D2 R D' R
31452671332232,6599446,0,R B D' B D R D' R2 B R D'
53421671321231,6597810,0,R B R2 D2 B R2 B R' D' R2 D
15236473231121,6589929,0,R B R' D2 B' D R D' R D2 B2
32156471232332,6586719,0,R B R' D' R D2 R B' R D2 R'
42561733323122,6584495,0,R B R D2 B2 R B R2 D2 B' R'
45623712332123,6583347,0,R B D' R D' B' R' D B2 R D'
76253141123132,6578999,0,R B D R' B2 R D' B R D2 B2
36217543213112,6570912,0,R B D' R2 B' D R B' D R2 B2
62317453112111,6565733,0,R B D B2 D B' D' R D' R2 B
32465172132131,6553743,0,R B R B' R D' B R2 B' D2 R
76315243211231,6550967,0,R B R2 B R2 D B D' R B' R'
64713253112111,6542779,0,R B D R' B2 D' R B' D' R B2
12637451332112,6542023,0,R B R2 B R B2 D' R2 B R D2
56124371111231,6535469,0,R B R' B2 D B R' B R2 B' R
47621532232331,6534845,0,R B R' D R' B' R' B D2 R D'
47156322332132,6534042,0,R B R D2 R' D R2 B' R2 B' R2
15746321323211,6528867,0,R B D R B2 R D R2 D2 B' D'
43216573132121,6525673,0,R B R2 B2 D' B R' D2 R' D2 R'
56423171231231,6521310,0,R B R' B' D B' R2 D2 B' R' D
13276541323112,6517416,0,R B R2 D' B D' B R B R' B2
25137461211323,6515579,0,R B R2 B' R D R2 D2 R B R'
34261572132131,6510009,0,R B R B' R D' B R2 B' D2 R'
12346571111231,6494176,0,R B R' B2 R' B' D' R D2 B D'
71432561323232,6491276,0,R B R D' B2 R B2 R' D B' D
52163471333123,6476045,0,R B R' D B2 D' B2 R D R B'
23751463112321,6455064,0,R B R' D R D B' R2 D R B'
45671231132231,6454759,0,R B D R' D' R' D B D' B D2
32451762331121,6452433,0,R B R' B' D B2 D R2 B' R2 B
76253141211332,6452104,0,R B R' B D B D' R2 B D B'
57241631322113,6432532,0,R B R2 B2 D' B R2 B' D R2 D'
62374511322311,6422077,0,R B R' B2 D' B D R' D B2 R2
41357622313112,6420616,0,R B D B' D2 B R' B R B2 D2
76342511111231,6410692,0,R B R B' D2 R B2 R' D R' D
65123471233232,6410519,0,R B R' B D R2 D R' D' B' D2
16542371221331,6406993,0,R B R2 B D' B R' D' R2 B R'
52731641323112,6402601,0,R B R' B' R B' D B2 R2 D' B
32156473223123,6388754,0,R B R B' R B2 R' D2 B R' D
62147353132121,6388455,0,R B R B2 D' R B' D B' R' D2
23751461132123,6384941,0,R B R' D' R B2 R B2 D' R2 D
17356241212313,6379275,0,R B R' B' R D2 R B R' D2 R2
75412631223332,6375959,0,R B R D2 B R' D R2 D R' B2
17463251221331,6374339,0,R B R2 B D B' R2 D R B D'
32647153132121,6373499,0,R B R' D2 B2 D B2 D B2 R D
14723652322121,6373057,0,R B R2 D' R2 D B R2 D' R2 B'
23456173212332,6360855,0,R B R' B' D' R B2 D' B D2 B'
45637123332122,6355141,0,R B R2 D B2 D B2 D2 R' B R
15342671211311,6340112,0,R B R B' D2 R' B R' B' R D2
13764251211311,6338905,0,R B R B' D2 R' B R' B' R B2
25364173223231,6330806,0,R B R D' R' D' R B D' R B2
32417653132121,6326971,0,R B R B2 D2 B' R' B2 R' B2 R
45623713322321,6308464,0,R B R' B D' R' B' R B2 D R'
53467211321111,6297771,0,R B R2 B' D R' B' D2 R D' R
17324561232332,6272071,0,R B R D B2 D B R2 B2 D' B'
51623471321111,6266440,0,R B R2 B' R B' D' B2 R B' R
72345611221223,6264476,0,R B R D2 B' R B2 R' D R2 D2
17362451211311,6263336,0,R B R D2 R D' B' D R' D2 B
74125633132232,6256396,0,R B R B2 D' R B2 R' D B2 D2
26345711223113,6248986,0,R B R2 D' R2 D' R D' R2 B2 R
14763523222331,6244323,0,R B R B' R D B2 D2 R' B' D
75314621133221,6240559,0,R B R B' R' D' B R D' R B2
42137653132121,6237945,0,R B R2 B R' B D' R D2 B' R
36217541223311,6236816,0,R B R2 B' D B R2 B2 R B D'
57241631323112,6234076,0,R B R2 B2 D' R D2 R' B R2 B'
47653213232111,6231092,0,R B R B D2 B R' B' R' D2 R2
76421351131121,6228693,0,R B R B' D2 B' R' B' R D2 B'
31452671323211,6224834,0,R B R D' B2 D B' D R B2 D2
72345612331331,6208671,0,R B R B' R2 D R' D2 R B2 R2
42165373223123,6188182,0,R B R2 D' R2 D' B D' R2 B2 R
46352172113231,6163818,0,R B R B' D2 B D' B R B2 D2
62374513312112,6136869,0,R B R B2 D R' D B2 D B' D2
15746322313112,6131283,0,R B R B D2 B D R2 D2 B' D'
